geolocation_zip_code_prefix,geolocation_lat,geolocation_lng,geolocation_city,geolocation_state
1013,-23.546923208436723,-46.6342636964915,sao paulo,SP
1013,-23.547325128224376,-46.63418378613892,sao paulo,SP
1007,-23.550392524842728,-46.63730164071784,sao paulo,SP
1013,-23.5471192492354,-46.634232699405686,sao paulo,SP
1026,-23.539494799586286,-46.63284391414975,são paulo,SP
1031,-23.536864121011018,-46.63349313820771,sao paulo,SP
1031,-23.537304315614183,-46.63386243849112,sao paulo,SP
1008,-23.54425493154535,-46.634639135589296,sao paulo,SP
1026,-23.53984025062037,-46.6302639919499,sao paulo,SP
1008,-23.545341492094146,-46.63558668567147,sao paulo,SP
1026,-23.53984025062037,-46.6302639919499,sao paulo,SP
1031,-23.542520789115148,-46.63533516134283,sao paulo,SP
1007,-23.549610740492827,-46.63835065445208,sao paulo,SP
1007,-23.548339277829037,-46.63800653788448,sao paulo,SP
1008,-23.545450466558925,-46.63565673674192,sao paulo,SP
1221,-23.54601532944774,-46.64900196003804,sao paulo,SP
1228,-23.54839279655493,-46.659018341392965,sao paulo,SP
1221,-23.54655474271452,-46.64902242728947,sao paulo,SP
1228,-23.538443874862704,-46.654753205811005,sao paulo,SP
1228,-23.53736190148112,-46.65445004039496,sao paulo,SP
1221,-23.542736521784317,-46.64588470191586,sao paulo,SP
1212,-23.537511255832708,-46.63705730743676,são paulo,SP
1233,-23.540299470713855,-46.66278360519932,sao paulo,SP
1233,-23.540299470713855,-46.66278360519932,sao paulo,SP
1233,-23.53995686444827,-46.66359382283071,são paulo,SP
1212,-23.53708367277396,-46.639449309048416,sao paulo,SP
1212,-23.537511255832708,-46.63705730743676,são paulo,SP
1314,-23.550271219805023,-46.641530430203645,sao paulo,SP
1314,-23.55291235720467,-46.64737305981301,sao paulo,SP
1314,-23.55075711434592,-46.64268271870849,são paulo,SP
1424,-23.56816235942637,-46.66117892867444,sao paulo,SP
1424,-23.56420121732353,-46.66559156356392,sao paulo,SP
1424,-23.57016486511052,-46.65912108811819,sao paulo,SP
1511,-23.555682314184303,-46.63309991286275,sao paulo,SP
1539,-23.573782561198005,-46.62058066708981,sao paulo,SP
1522,-23.55916467499565,-46.61546691825843,sao paulo,SP
1551,-23.576649380518187,-46.61216232569684,sao paulo,SP
1522,-23.56055002663175,-46.61664018206479,sao paulo,SP
1551,-23.570797777684803,-46.61199248265909,sao paulo,SP
1522,-23.559013992121344,-46.6153654505723,sao paulo,SP
1511,-23.563943696087478,-46.63251002164008,sao paulo,SP
1511,-23.55918090452421,-46.63284213099433,sao paulo,SP
1524,-23.5670455434244,-46.61611199999999,sao paulo,SP
1512,-23.553644898695826,-46.63261889578163,sao paulo,SP
1551,-23.56851210214089,-46.61300090120599,sao paulo,SP
1512,-23.553701371631384,-46.62961645213219,sao paulo,SP
1524,-23.56722896808813,-46.61541736011886,sao paulo,SP
1539,-23.571578567026386,-46.61990256064975,sao paulo,SP
1539,-23.569779583126543,-46.62077363390852,sao paulo,SP
1512,-23.554043402995,-46.62898801333021,sao paulo,SP
1524,-23.56722896808813,-46.61541736011886,sao paulo,SP
2030,-23.504769581649203,-46.62470303231384,sao paulo,SP
2016,-23.50097763469062,-46.62712333406575,sao paulo,SP
2030,-23.50154661226844,-46.6245530471753,sao paulo,SP
2041,-23.49010232139766,-46.61972998972821,sao paulo,SP
2016,-23.501207575891478,-46.631722461754514,sao paulo,SP
2033,-23.50215379349651,-46.61688101249347,sao paulo,SP
2041,-23.492054188458127,-46.61813615451749,sao paulo,SP
2016,-23.50119168899124,-46.63057715856841,sao paulo,SP
2033,-23.49597441771018,-46.61076190313923,sao paulo,SP
2041,-23.487873212880128,-46.61990224187779,são paulo,SP
2033,-23.50212829172067,-46.61625917197626,sao paulo,SP
2028,-23.50751845268047,-46.6174707485429,sao paulo,SP
2028,-23.509644589167983,-46.619371445839946,sao paulo,SP
2030,-23.504398054538573,-46.624627022882166,sao paulo,SP
2028,-23.509644589167983,-46.619371445839946,sao paulo,SP
2258,-23.47623536441803,-46.58210664723873,sao paulo,SP
2258,-23.477057444630383,-46.58387400000001,sao paulo,SP
2258,-23.477057444630383,-46.58387400000001,sao paulo,SP
2350,-23.459346031363605,-46.60929309103239,sao paulo,SP
2310,-23.4719444074384,-46.59864459256161,sao paulo,SP
2310,-23.47266471135092,-46.59923598903572,sao paulo,SP
2350,-23.456285528997668,-46.59099294754458,são paulo,SP
2310,-23.472766844018693,-46.60217807216228,sao paulo,SP
2350,-23.4592650313636,-46.60929203274859,sao paulo,SP
2408,-23.48192669608748,-46.62646540521669,sao paulo,SP
2408,-23.483251655288807,-46.628026831669445,sao paulo,SP
2408,-23.483001671748728,-46.62649175190826,sao paulo,SP
2537,-23.49266694338963,-46.649278230509495,sao paulo,SP
2537,-23.49269727560733,-46.654851038028696,sao paulo,SP
2537,-23.49047730336426,-46.653603710658416,sao paulo,SP
2613,-23.472582799613345,-46.66107383097695,sao paulo,SP
2613,-23.47061604302037,-46.66220656341969,sao paulo,SP
2613,-23.471243778809985,-46.66149969109581,sao paulo,SP
2842,-23.473527475157265,-46.68753138481736,sao paulo,SP
2842,-23.473527475157265,-46.68753138481736,sao paulo,SP
2859,-23.44337350375091,-46.70672341326679,são paulo,SP
2859,-23.44306691199995,-46.70817499999998,são paulo,SP
2859,-23.44242077185642,-46.70998686150384,sao paulo,SP
2842,-23.475711635581973,-46.68930687829649,sao paulo,SP
2989,-23.429807053203387,-46.7211738556802,sao paulo,SP
2972,-23.48029674271453,-46.71122495337295,sao paulo,SP
2989,-23.430830091869108,-46.721775719401,sao paulo,SP
2989,-23.43688878934157,-46.720828330284455,sao paulo,SP
2972,-23.48275530391252,-46.71030280974091,são paulo,SP
2972,-23.48038455314792,-46.71207176019965,sao paulo,SP
3088,-23.52731184179699,-46.56137431473256,sao paulo,SP
3025,-23.53489030252754,-46.60945369747245,sao paulo,SP
3088,-23.52731184179699,-46.56137431473256,sao paulo,SP
3029,-23.528716250620374,-46.62026515958797,sao paulo,SP
3071,-23.533721612268447,-46.562341521640086,sao paulo,SP
3062,-23.54268733028447,-46.59453248320733,sao paulo,SP
3029,-23.53180699056494,-46.61700264308377,sao paulo,SP
3029,-23.53315768166075,-46.61710278518661,sao paulo,SP
3058,-23.54006892207484,-46.59345022487023,sao paulo,SP
3058,-23.540147025535216,-46.58926350721337,sao paulo,SP
3058,-23.53939015598129,-46.59351308381903,sao paulo,SP
3025,-23.53264352983439,-46.60854007660566,sao paulo,SP
3088,-23.52598754158326,-46.56207954119767,sao paulo,SP
3071,-23.53434926478729,-46.56154451304173,sao paulo,SP
3025,-23.533022839575302,-46.60763387913322,são paulo,SP
3062,-23.54063405190716,-46.588046500692485,sao paulo,SP
3031,-23.52833381848348,-46.61941011172019,sao paulo,SP
3062,-23.541202162646403,-46.59023087093889,são paulo,SP
3071,-23.53414315543304,-46.56095378711988,sao paulo,SP
3031,-23.52851381848348,-46.61947213725541,sao paulo,SP
3031,-23.53307623726908,-46.61826949423456,sao paulo,SP
3165,-23.56190256174625,-46.58015179808413,sao paulo,SP
3165,-23.561802095061942,-46.58115188588945,sao paulo,SP
3165,-23.56192056174625,-46.57998979808414,sao paulo,SP
3127,-23.57744523619365,-46.58928864723873,sao paulo,SP
3185,-23.56351781487679,-46.584379697472464,sao paulo,SP
3127,-23.57744523619365,-46.58928864723873,sao paulo,SP
3185,-23.562698098489943,-46.58464275707943,sao paulo,SP
3127,-23.57976966320297,-46.58938844193136,sao paulo,SP
3138,-23.58759692255761,-46.58181527338564,sao paulo,SP
3141,-23.590022776821183,-46.57065833812266,sao paulo,SP
3185,-23.56466711157595,-46.58065364501704,sao paulo,SP
3187,-23.566230979700467,-46.58020347785505,sao paulo,SP
3138,-23.587365039125224,-46.58072613711118,sao paulo,SP
3126,-23.58067325143878,-46.591568341608856,sao paulo,SP
3138,-23.587527059120525,-46.57937869386578,são paulo,SP
3187,-23.56625438634395,-46.58008932066862,sao paulo,SP
3187,-23.56400465306712,-46.5790267821282,sao paulo,SP
3126,-23.577426579815427,-46.59312473736251,são paulo,SP
3126,-23.58143389148247,-46.58625352039934,sao paulo,SP
3141,-23.587927092705826,-46.57226675465975,sao paulo,SP
3141,-23.58907794087947,-46.57914758021235,sao paulo,SP
3275,-23.58620844962204,-46.53589144310119,sao paulo,SP
3275,-23.576993758814687,-46.55237445100703,sao paulo,SP
3275,-23.587352685267437,-46.53320166333889,sao paulo,SP
3204,-23.59798552039933,-46.55547278711988,sao paulo,SP
3204,-23.59608602775692,-46.56138963197528,sao paulo,SP
3204,-23.59457844962204,-46.56208299861501,sao paulo,SP
3386,-23.584168436997302,-46.53066136149352,são paulo,SP
3333,-23.556849999163276,-46.56941527477062,são paulo,SP
3386,-23.58052065889549,-46.52670031057763,sao paulo,SP
3334,-23.554597380692613,-46.57370400298258,sao paulo,SP
3334,-23.55410987039064,-46.57148809380234,sao paulo,SP
3334,-23.55315217262972,-46.57025186081134,sao paulo,SP
3378,-23.575139177299555,-46.54103782670819,sao paulo,SP
3333,-23.55606192783773,-46.56847065168213,sao paulo,SP
3333,-23.55791939578164,-46.56736024132953,sao paulo,SP
3378,-23.57179489148246,-46.54188892131685,sao paulo,SP
3378,-23.57135185873388,-46.53936786303304,sao paulo,SP
3386,-23.58178886288882,-46.52769306119799,sao paulo,SP
3426,-23.554079433810344,-46.53324185942636,sao paulo,SP
3470,-23.57282057729816,-46.52329640383172,sao paulo,SP
3470,-23.57030924202203,-46.52414544240867,sao paulo,SP
3470,-23.570088446100872,-46.523898539521305,são paulo,SP
3426,-23.549508764643058,-46.53639808881068,sao paulo,SP
3426,-23.55252869969415,-46.53807658312655,sao paulo,SP
3431,-23.554133203993324,-46.53048959908248,sao paulo,SP
3471,-23.56625832001269,-46.51841724632121,sao paulo,SP
3471,-23.56507229944942,-46.52057891909824,são paulo,SP
3471,-23.56734673327946,-46.5177451851232,são paulo,SP
3431,-23.548066710802654,-46.54405460505509,sao paulo,SP
3431,-23.548066710802654,-46.54405460505509,são paulo,SP
3513,-23.533151950603,-46.52395517943906,sao paulo,SP
3564,-23.53321650340715,-46.50046729003948,sao paulo,SP
3573,-23.56168119891244,-46.50627110555333,sao paulo,SP
3504,-23.53877907744238,-46.53648566833056,sao paulo,SP
3562,-23.54478975206393,-46.495489292925285,são paulo,SP
3513,-23.535365196779964,-46.52138196627046,sao paulo,SP
3504,-23.533697346932883,-46.53920421342839,sao paulo,SP
3564,-23.533660665560596,-46.49921086886143,sao paulo,SP
3513,-23.54207120206009,-46.52194776034388,sao paulo,SP
3573,-23.56168119891244,-46.50627110555333,sao paulo,SP
3573,-23.55714959755326,-46.51125656771888,sao paulo,SP
3504,-23.53997990230251,-46.53749137898899,sao paulo,SP
3562,-23.54585052178431,-46.497269823619376,sao paulo,SP
3562,-23.544756733827725,-46.49958107937562,sao paulo,SP
3564,-23.53532847377228,-46.4966793805182,são paulo,SP
3685,-23.52377256527157,-46.47524063467857,sao paulo,SP
3685,-23.52601976019966,-46.47800945697964,sao paulo,SP
3685,-23.52562171717929,-46.47746466388714,são paulo,SP
3669,-23.53270178351319,-46.4896742164868,são paulo,SP
3647,-23.530828892867447,-46.527533900773285,sao paulo,SP
3647,-23.522394132667785,-46.52778062476192,sao paulo,SP
3660,-23.523945619221767,-46.50583600788512,sao paulo,SP
3669,-23.533925595331567,-46.49119206217893,são paulo,SP
3605,-23.521211518177623,-46.54688421495761,sao paulo,SP
3669,-23.53297979926397,-46.4931612284197,sao paulo,SP
3660,-23.522791618431068,-46.50960634081533,sao paulo,SP
3647,-23.52850496502971,-46.52799220858096,sao paulo,SP
3667,-23.53204714071786,-46.49681439647412,sao paulo,SP
3605,-23.52100165751052,-46.54938005966879,sao paulo,SP
3660,-23.521230890645743,-46.50686842284608,sao paulo,SP
3605,-23.52351502553521,-46.55174994601536,sao paulo,SP
3667,-23.531336507357587,-46.49671778504239,sao paulo,SP
3667,-23.532328030567403,-46.4954801838287,sao paulo,SP
3707,-23.506898050233723,-46.542727702608346,sao paulo,SP
3733,-23.50914521065843,-46.53066228518663,sao paulo,SP
3733,-23.510962445467104,-46.52960419900165,sao paulo,SP
3707,-23.506364994018043,-46.54256882171445,sao paulo,SP
3707,-23.50613071004874,-46.54290707287786,sao paulo,SP
3733,-23.508761898695823,-46.53066429739164,sao paulo,SP
3702,-23.51674732944774,-46.54818243075192,sao paulo,SP
3702,-23.51633441909516,-46.54665246725141,sao paulo,SP
3702,-23.515732288649076,-46.54774040896759,sao paulo,SP
3880,-23.50869470774424,-46.48672956633388,sao paulo,SP
3821,-23.49517247515727,-46.50119464071786,são paulo,SP
3872,-23.512538179294825,-46.50108112461768,sao paulo,SP
3821,-23.52394224785041,-46.41349357562471,são paulo,SP
3821,-23.49220499999999,-46.5051465,sao paulo,SP
3880,-23.50850886150384,-46.485872413266776,sao paulo,SP
3809,-23.489345713572614,-46.47738070858095,sao paulo,SP
3813,-23.48668357540144,-46.46746268716547,sao paulo,SP
3813,-23.48228440893561,-46.4718655016508,sao paulo,SP
3813,-23.48606942365521,-46.46871934795597,sao paulo,SP
3809,-23.49157504163538,-46.4776447636621,sao paulo,SP
3872,-23.51253401672528,-46.501049539944844,sao paulo,SP
3880,-23.507701535748037,-46.48311768165533,sao paulo,SP
3809,-23.49190546433722,-46.47792227546311,sao paulo,SP
3872,-23.5123069977783,-46.50033379961334,são paulo,SP
3937,-23.58790062753188,-46.501829952680446,são paulo,SP
3937,-23.587179999999933,-46.49958999999996,sao paulo,SP
3933,-23.58343069747245,-46.50203424424373,sao paulo,SP
3933,-23.58227059544425,-46.50092808411639,sao paulo,SP
3933,-23.58416601617243,-46.49655369856307,sao paulo,SP
3937,-23.583472270615683,-46.49983845406544,são paulo,SP
4042,-23.602707503462444,-46.64264399999999,sao paulo,SP
4001,-23.57230126005544,-46.65200020136758,sao paulo,SP
4015,-23.58705433389114,-46.64555835443469,sao paulo,SP
4022,-23.593023,-46.646572500000005,sao paulo,SP
4015,-23.58662883014023,-46.64243060352587,sao paulo,SP
4045,-23.61763890592578,-46.6389807441141,sao paulo,SP
4015,-23.58801402331352,-46.64653985789715,são paulo,SP
4010,-23.58335776464306,-46.637907987794975,sao paulo,SP
4045,-23.6278331619672,-46.64357190790388,sao paulo,SP
4010,-23.587718479600667,-46.63558962906108,sao paulo,SP
4001,-23.57105054232788,-46.650781802383314,sao paulo,SP
4042,-23.602814496537544,-46.63751400000001,sao paulo,SP
4045,-23.61763890592578,-46.6389807441141,sao paulo,SP
4001,-23.573280601554647,-46.6528753077852,sao paulo,SP
4087,-23.609026190856948,-46.65965657991232,sao paulo,SP
4042,-23.602692510675805,-46.644133332361946,sao paulo,SP
4008,-23.581106936724524,-46.65149797183904,são paulo,SP
4022,-23.593023,-46.646572500000005,sao paulo,SP
4010,-23.585809473772287,-46.63654474493623,são paulo,SP
4087,-23.612622768798005,-46.66316442881868,sao paulo,SP
4008,-23.581000236741914,-46.65073297752319,sao paulo,SP
4087,-23.610874065497168,-46.66151068166074,sao paulo,SP
4022,-23.59372885917,-46.65150201627552,sao paulo,SP
4008,-23.57992666971553,-46.65219685622371,sao paulo,SP
4075,-23.602705281435725,-46.65748758756995,sao paulo,SP
4075,-23.602153766864763,-46.6592116434878,sao paulo,SP
4075,-23.60458020483004,-46.65519012031853,sao paulo,SP
4112,-23.58742684347044,-46.62893070898499,sao paulo,SP
4145,-23.61565055037796,-46.63205088481735,sao paulo,SP
4119,-23.600995072162263,-46.63496187621901,são paulo,SP
4122,-23.603187216486816,-46.62096322009347,sao paulo,SP
4142,-23.611654194010004,-46.63258761587511,sao paulo,SP
4119,-23.600995072162263,-46.63496187621901,sao paulo,SP
4145,-23.615622706838767,-46.632202231480434,sao paulo,SP
4142,-23.61143141548848,-46.6300445342778,sao paulo,SP
4119,-23.598684251457087,-46.63483148167814,sao paulo,SP
4195,-23.657250175378767,-46.61075944811122,sao paulo,SP
4142,-23.612941645017035,-46.61944483389114,são paulo,SP
4112,-23.58456003497028,-46.62772172690283,sao paulo,SP
4195,-23.65712806103015,-46.61301067789949,são paulo,SP
4195,-23.657520798124946,-46.61135961952412,sao paulo,SP
4102,-23.59272363197529,-46.6315844403312,sao paulo,SP
4145,-23.61639657591317,-46.6311025269202,sao paulo,SP
4171,-23.632235999999992,-46.61515349999999,sao paulo,SP
4160,-23.62358155176294,-46.61056007369148,sao paulo,SP
4112,-23.58550858508811,-46.629898833898416,sao paulo,SP
4171,-23.63417637468981,-46.61403233971952,sao paulo,SP
4160,-23.62556238995326,-46.61300045184374,sao paulo,SP
4122,-23.60403426307445,-46.62115696725138,sao paulo,SP
4102,-23.593477829345726,-46.6300893712196,sao paulo,SP
4160,-23.625777499307517,-46.610530873304825,sao paulo,SP
4102,-23.59032952255033,-46.63175129640077,sao paulo,SP
4171,-23.63886805137168,-46.61156548850308,sao paulo,SP
4122,-23.603432081597337,-46.62101180780767,sao paulo,SP
4205,-23.58045999999996,-46.60592999999994,são paulo,SP
4243,-23.626269,-46.586534475523,sao paulo,SP
4273,-23.612052666446743,-46.60783466642034,sao paulo,SP
4222,-23.60221982653356,-46.58613386955392,sao paulo,SP
4243,-23.624703752404614,-46.586391181642696,sao paulo,SP
4205,-23.58487054010618,-46.60556036900565,sao paulo,SP
4243,-23.62330540161001,-46.585927901610006,sao paulo,SP
4205,-23.58591915015292,-46.60543165652955,são paulo,SP
4273,-23.612052666446743,-46.60783466642034,sao paulo,SP
4273,-23.60068163336027,-46.61544268942237,sao paulo,SP
4230,-23.601843679000368,-46.60023440606268,sao paulo,SP
4222,-23.602580329447747,-46.58582375728548,sao paulo,SP
4222,-23.5937411873449,-46.59333247599397,sao paulo,SP
4265,-23.58667354731954,-46.61242320483004,são paulo,SP
4230,-23.608686855675455,-46.58153270566676,sao paulo,SP
4248,-23.61411790980433,-46.60034800222169,sao paulo,SP
4265,-23.5869802640594,-46.61441384480889,sao paulo,SP
4248,-23.610383925040264,-46.59642958219339,sao paulo,SP
4230,-23.602221453167218,-46.60053596263447,sao paulo,SP
4248,-23.61289225859717,-46.59614768029763,sao paulo,SP
4265,-23.58848863474524,-46.61640649624909,sao paulo,SP
4302,-23.621426340267785,-46.637372330976966,sao paulo,SP
4367,-23.65250284762537,-46.66809535567546,são paulo,SP
4302,-23.620598612816707,-46.63883948834322,sao paulo,SP
4302,-23.62182852178432,-46.636468155981305,sao paulo,SP
4367,-23.65043461754857,-46.66830299027648,são paulo,SP
4367,-23.6520709753096,-46.66675729506972,sao paulo,SP
4378,-23.646246311207523,-46.66349868836885,sao paulo,SP
4378,-23.64924156841137,-46.66149025714124,sao paulo,SP
4378,-23.646799612052487,-46.66296102611653,são paulo,SP
4474,-23.53092205635057,-46.555643089243375,sao paulo,SP
4403,-23.667843855675457,-46.66038973120199,sao paulo,SP
4401,-23.670706610046736,-46.66108764570951,sao paulo,SP
4403,-23.669112247850418,-46.65968055008948,sao paulo,SP
4474,-23.70251485206877,-46.64027163044608,sao paulo,SP
4403,-23.670491973650424,-46.66024319323027,são paulo,SP
4455,-23.678985771856432,-46.678985470858095,sao paulo,SP
4455,-23.68004345490217,-46.68099913419697,sao paulo,SP
4445,-23.68080098473656,-46.6840241297536,sao paulo,SP
4445,-23.68534253733621,-46.68592987745976,sao paulo,SP
4474,-23.69608312037636,-46.64287355066725,sao paulo,SP
4401,-23.66768946341924,-46.6664450195832,sao paulo,SP
4455,-23.683797086785493,-46.67626942078186,sao paulo,SP
4401,-23.67002186594724,-46.6621056880374,sao paulo,SP
4445,-23.68337671412088,-46.68259759270582,sao paulo,SP
4461,-23.69289565500035,-46.68021046531817,sao paulo,SP
4461,-23.69310169025909,-46.679201077990655,sao paulo,SP
4461,-23.690367964192998,-46.6797794141035,são paulo,SP
4569,-23.6022825745282,-46.69322772967279,são paulo,SP
4509,-23.590774173466443,-46.67100192576026,sao paulo,SP
4509,-23.591379719401004,-46.66919249125744,sao paulo,SP
4561,-23.6119461648681,-46.68121078074323,sao paulo,SP
4556,-23.611487777407536,-46.67771426763211,sao paulo,SP
4569,-23.61152399278664,-46.68948233666109,sao paulo,SP
4561,-23.602752855482457,-46.693975363230976,sao paulo,SP
4509,-23.592663671100517,-46.66530828934157,são paulo,SP
4561,-23.60434392062437,-46.69077114876793,sao paulo,SP
4556,-23.61495010130417,-46.67954468082405,são paulo,SP
4567,-23.61424927422236,-46.68844105482136,sao paulo,SP
4567,-23.613043274222363,-46.689929580356576,sao paulo,SP
4556,-23.614816159587978,-46.67945723189449,sao paulo,SP
4569,-23.60245056731484,-46.692619255208,sao paulo,SP
4567,-23.6100388262451,-46.69527173604943,sao paulo,SP
4674,-23.664255516792647,-46.68857909339831,sao paulo,SP
4674,-23.66336209576426,-46.682048105747576,sao paulo,SP
4674,-23.66336209576426,-46.682048105747576,sao paulo,SP
4763,-23.66900465722205,-46.71802455259966,sao paulo,SP
4763,-23.669850164031384,-46.71582547807146,são paulo,SP
4773,-23.681542547319527,-46.70780575451552,sao paulo,SP
4726,-23.63580786663679,-46.71209825910773,sao paulo,SP
4739,-23.64445281409649,-46.70007520249481,sao paulo,SP
4726,-23.63608005976541,-46.71368647000955,sao paulo,SP
4726,-23.634089726645826,-46.71411838581508,sao paulo,SP
4771,-23.680608736886143,-46.71141009824576,sao paulo,SP
4782,-23.693985995008337,-46.70188324132953,sao paulo,SP
4782,-23.6901359553062,-46.70487596655891,são paulo,SP
4782,-23.686843421316865,-46.7036921729182,sao paulo,SP
4773,-23.68342376885232,-46.709779139344434,sao paulo,SP
4771,-23.67759552899767,-46.71204361809683,sao paulo,SP
4763,-23.669262900917527,-46.72020485276127,sao paulo,SP
4739,-23.646178215801232,-46.697204760052415,sao paulo,SP
4739,-23.643853585896505,-46.69192758549247,sao paulo,SP
4773,-23.68301233389115,-46.707889903139225,sao paulo,SP
4771,-23.681785610046745,-46.71211341716191,sao paulo,SP
4849,-23.740974,-46.67018849999998,são paulo,SP
4849,-23.743998000000005,-46.6612335,sao paulo,SP
4809,-23.71992046378896,-46.693208556754605,sao paulo,SP
4849,-23.73931086776492,-46.65788022373109,são paulo,SP
4820,-23.734658908426308,-46.68685840272085,sao paulo,SP
4811,-23.70965016443733,-46.69257464205786,sao paulo,SP
4809,-23.718206272390407,-46.692554037094816,sao paulo,SP
4820,-23.73603559838997,-46.68755726380633,sao paulo,SP
4809,-23.713223114937048,-46.69311591598592,sao paulo,SP
4811,-23.709758008050084,-46.69095296197129,sao paulo,SP
4811,-23.70990926894224,-46.69517087093889,sao paulo,SP
4820,-23.73620509661567,-46.685836531386194,sao paulo,SP
4917,-23.68726696641469,-46.74885508979163,sao paulo,SP
4917,-23.687971651333704,-46.74382859047298,sao paulo,SP
4960,-23.726413791563274,-46.787813649316185,sao paulo,SP
4960,-23.728780215650083,-46.78861674937962,sao paulo,SP
4917,-23.6890310470449,-46.7481455599088,sao paulo,SP
4960,-23.725978361471835,-46.7889569933888,sao paulo,SP
5051,-23.52707749624909,-46.696482,sao paulo,SP
5017,-23.537309857060443,-46.6787664476888,sao paulo,SP
5017,-23.53850547322403,-46.68302562698362,sao paulo,SP
5017,-23.537183857060437,-46.678675473224025,sao paulo,SP
5051,-23.528231304114563,-46.697336271317226,são paulo,SP
5051,-23.527850553378947,-46.70545123016839,são paulo,SP
5092,-23.511502314851025,-46.71448715742552,são paulo,SP
5008,-23.530915571469773,-46.68060941548848,são paulo,SP
5008,-23.53640941742172,-46.67218459893824,sao paulo,SP
5008,-23.53414356425641,-46.67574738273989,sao paulo,SP
5092,-23.511502314851025,-46.71448715742552,sao paulo,SP
5092,-23.509789187344904,-46.71501926533557,são paulo,SP
5141,-23.49065997530149,-46.7284764394945,sao paulo,SP
5141,-23.493067637803676,-46.730372673466434,sao paulo,SP
5138,-23.485253731057767,-46.73312974854289,são paulo,SP
5138,-23.482190944486145,-46.73488313543773,sao paulo,SP
5141,-23.49163250241461,-46.72542961457817,sao paulo,SP
5138,-23.48257902331352,-46.7352685320561,sao paulo,SP
5303,-23.526508568411355,-46.731702782676464,sao paulo,SP
5303,-23.52629557562472,-46.7318788226384,sao paulo,SP
5303,-23.52629557562472,-46.7318788226384,sao paulo,SP
5351,-23.55810175353457,-46.75729204524208,sao paulo,SP
5351,-23.56262833443941,-46.75594407285476,sao paulo,SP
5351,-23.562286228980287,-46.756629995008346,sao paulo,SP
5415,-23.563965740492826,-46.68179815445209,são paulo,SP
5415,-23.56310064002537,-46.685227373997314,sao paulo,SP
5415,-23.559961033585303,-46.68472409700501,sao paulo,SP
5432,-23.551567250620376,-46.69325969149985,são paulo,SP
5432,-23.55519103358529,-46.690774564256415,sao paulo,SP
5432,-23.557702463500508,-46.68892738037395,sao paulo,SP
5595,-23.58085566165113,-46.742443261595774,sao paulo,SP
5595,-23.578088238760063,-46.74329144873517,sao paulo,SP
5595,-23.580998507905843,-46.74249828157995,são paulo,SP
5530,-23.577073040798663,-46.7199426382077,sao paulo,SP
5530,-23.57569750641803,-46.715807306467816,sao paulo,SP
5530,-23.57821995920133,-46.71989081072184,são paulo,SP
5729,-23.63329280322003,-46.73784151540766,sao paulo,SP
5730,-23.633964565641403,-46.74107526602805,sao paulo,SP
5789,-23.656650160424697,-46.77635938288413,sao paulo,SP
5730,-23.63266646026073,-46.73955981980657,sao paulo,SP
5729,-23.63670719816495,-46.73809456287144,são paulo,SP
5730,-23.63276181980659,-46.73948553973927,sao paulo,SP
5729,-23.6371145342778,-46.74106200721335,sao paulo,SP
5772,-23.63772854593455,-46.75823555759132,sao paulo,SP
5789,-23.655345464337227,-46.7766012253736,são paulo,SP
5789,-23.636416924231053,-46.778406239107845,sao paulo,SP
5772,-23.638782583126535,-46.75628261518264,sao paulo,SP
5772,-23.64123544463038,-46.753752237578624,sao paulo,SP
5849,-23.651114842510157,-46.75521082321932,sao paulo,SP
5890,-23.66734335045476,-46.78750322877922,são paulo,SP
5849,-23.65022798473656,-46.75498649486411,sao paulo,SP
5890,-23.664214301219104,-46.78742325675315,sao paulo,SP
5890,-23.666526199001662,-46.79322370191585,sao paulo,SP
5849,-23.65402572300768,-46.75873318734492,sao paulo,SP
6020,-23.53538565178984,-46.76092361691542,osasco,SP
6080,-23.544421691355613,-46.78839877935824,osasco,SP
6020,-23.53314862003007,-46.76046091150642,osasco,SP
6020,-23.549920600466425,-46.76024696751205,osasco,SP
6080,-23.543660660268163,-46.78611759852845,osasco,SP
6056,-23.565986162357948,-46.78504212655093,osasco,SP
6056,-23.565338857858546,-46.78767658849876,osasco,SP
6080,-23.544048456027337,-46.78333137053485,osasco,SP
6056,-23.563882715274723,-46.78573084719268,osasco,SP
6160,-23.56267680949066,-46.80937040670384,osasco,SP
6162,-23.55775014393556,-46.80815711799397,osasco,SP
6160,-23.560479283368963,-46.80682947530149,osasco,SP
6160,-23.55789512835748,-46.813187263845634,osasco,SP
6162,-23.551899819608657,-46.81286750028846,osasco,SP
6162,-23.55588044936224,-46.80338282653355,osasco,SP
6194,-23.52517861143172,-46.80307405995724,osasco,SP
6194,-23.52470193479129,-46.80335418610415,osasco,SP
6194,-23.525024323330907,-46.80430424770618,osasco,SP
6270,-23.49708886034903,-46.771496572731024,osasco,SP
6270,-23.495210515574275,-46.7703357579561,osasco,SP
6270,-23.49441934609616,-46.77196813890018,osasco,SP
6365,-23.548007803126943,-46.8485750585056,carapicuiba,SP
6365,-23.552308715165168,-46.846056379309466,carapicuiba,SP
6341,-23.57241932843741,-46.81653106742156,carapicuiba,SP
6341,-23.57547088782132,-46.81931299612122,carapicuiba,SP
6341,-23.575045637726323,-46.81892162773324,carapicuiba,SP
6365,-23.55590282344068,-46.845351487073366,carapicuíba,SP
6540,-23.45999953873564,-46.879733658501294,santana de parnaiba,SP
6540,-23.46043937433122,-46.88105230054368,santana de parnaíba,SP
6540,-23.45723248304541,-46.87929551977079,santana de parnaiba,SP
6528,-23.40706624646544,-46.89669664377628,santana de parnaíba,SP
6528,-23.40840986594724,-46.89976402039932,santana de parnaiba,SP
6528,-23.408956728836063,-46.9028622253736,santana de parnaiba,SP
6606,-23.531476079445984,-46.90740942248553,jandira,SP
6606,-23.53383275262449,-46.9065915881604,jandira,SP
6606,-23.529913638276497,-46.9072815881595,jandira,SP
6696,-23.52675976321213,-46.94317674153119,itapevi,SP
6696,-23.52494286743845,-46.94084234599607,itapevi,SP
6696,-23.523510485140797,-46.936564932692114,itapevi,SP
6705,-23.59181277854835,-46.880646415247824,cotia,SP
6705,-23.587947503983944,-46.8805698416708,cotia,SP
6765,-23.623297507355577,-46.769556898983055,taboao da serra,SP
6704,-23.566410360148463,-46.92207458901101,cotia,SP
6783,-23.629611017485143,-46.78773145475794,taboao da serra,SP
6765,-23.626037011656763,-46.77091126103638,taboao da serra,SP
6704,-23.574185762061777,-46.90628315307941,cotia,SP
6705,-23.5833470394391,-46.90437022888377,cotia,SP
6708,-23.58516238605811,-46.8418149476888,cotia,SP
6765,-23.614331051399017,-46.78001178269458,taboao da serra,SP
6780,-23.617823004822213,-46.79358236394467,taboao da serra,SP
6783,-23.62980938412487,-46.78521747377229,taboao da serra,SP
6783,-23.63222020833735,-46.78287966761813,taboao da serra,SP
6780,-23.62500657480425,-46.79024180171386,taboão da serra,SP
6780,-23.62101024620596,-46.793560927488784,taboao da serra,SP
6704,-23.584386267845712,-46.91816188496158,cotia,SP
6708,-23.59020351679265,-46.84055250721335,cotia,SP
6708,-23.594814754371285,-46.85164856924808,cotia,SP
6793,-23.619672721933625,-46.81016057837504,taboao da serra,SP
6793,-23.607693000000005,-46.75265774999998,taboao da serra,SP
6793,-23.607693000000005,-46.75265774999998,taboao da serra,SP
6871,-23.72033746105922,-46.85362208015704,itapecerica da serra,SP
6816,-23.645106,-46.83806297056964,embu das artes,SP
6871,-23.719915707744235,-46.8514216054591,itapecerica da serra,SP
6853,-23.68913659838998,-46.85084778934157,itapecerica da serra,SP
6871,-23.722070416873454,-46.85208344991049,itapecerica da serra,SP
6816,-23.643327945670983,-46.81491747944389,embu das artes,SP
6853,-23.690744215282084,-46.8509910886968,itapecerica da serra,SP
6816,-23.640419294417825,-46.8141167396778,embu das artes,SP
6853,-23.68964373105776,-46.85882115015292,itapecerica da serra,SP
7044,-23.48032754593456,-46.55338010352588,guarulhos,SP
7031,-23.496488565250488,-46.54671310832206,guarulhos,SP
7032,-23.50542926894224,-46.54869177407812,guarulhos,SP
7032,-23.506658717179292,-46.554554954757926,guarulhos,SP
7032,-23.50578430252754,-46.55651225575625,guarulhos,SP
7031,-23.49189491395926,-46.54629394463038,guarulhos,SP
7044,-23.480617159587982,-46.55515107077729,guarulhos,SP
7031,-23.49189491395926,-46.54629394463038,guarulhos,SP
7044,-23.4818963119626,-46.55310286372554,guarulhos,SP
7133,-23.44007914793122,-46.51144923980033,guarulhos,SP
7197,-23.46307610751172,-46.51553610303015,guarulhos,SP
7112,-23.465304114698757,-46.51148732089968,guarulhos,SP
7133,-23.432493991949915,-46.5096378090484,guarulhos,SP
7140,-23.42207596280801,-46.49318406994056,guarulhos,SP
7197,-23.46003410713256,-46.51406044463039,guarulhos,SP
7133,-23.43777727477061,-46.51328605176295,guarulhos,SP
7140,-23.421413095475785,-46.49321015306711,guarulhos,SP
7197,-23.457768873160603,-46.51550493949449,guarulhos,SP
7140,-23.43611499916328,-46.504207807519215,guarulhos,SP
7192,-23.451856155981304,-46.50616235789715,guarulhos,SP
7112,-23.4691332850424,-46.51821603497029,guarulhos,SP
7183,-23.44549010713256,-46.45827561587512,guarulhos,SP
7183,-23.444980177073123,-46.4567312828207,guarulhos,SP
7183,-23.437560771856425,-46.46359584179701,guarulhos,SP
7192,-23.45350810130417,-46.5039500605055,guarulhos,SP
7192,-23.453049017485142,-46.50298769969416,guarulhos,SP
7112,-23.47061953205609,-46.52050600069248,guarulhos,SP
7400,-23.39888374540156,-46.32526700508771,aruja,SP
7400,-23.400028215101838,-46.32261289508914,aruja,SP
7411,-23.40112949486411,-46.34138851387846,aruja,SP
7411,-23.404941848573337,-46.33830104678721,aruja,SP
7411,-23.40754074271452,-46.34120434401871,aruja,SP
7400,-23.388896250332916,-46.314986462183576,arujá,SP
7600,-23.323581622627877,-46.571516434161296,mairipora,SP
7600,-23.319351000000005,-46.58600924999999,mairipora,SP
7600,-23.321862925803117,-46.58817474672198,mairiporã,SP
7790,-23.406238298215783,-46.84102497498486,cajamar,SP
7790,-23.406516084950905,-46.84254171963375,cajamar,SP
7790,-23.407445520342943,-46.844725276139386,cajamar,SP
7990,-23.27750633679461,-46.73842567413335,francisco morato,SP
7990,-23.276699136753177,-46.738822947339735,francisco morato,SP
7990,-23.283749496620487,-46.74079047479769,francisco morato,SP
8190,-23.48870639938831,-46.395040133360254,sao paulo,SP
8190,-23.489063392174952,-46.396342293784976,sao paulo,SP
8190,-23.491507442408675,-46.39786987330483,sao paulo,SP
8290,-23.551013388568272,-46.44848890729416,sao paulo,SP
8290,-23.56087165805877,-46.4506999200761,sao paulo,SP
8290,-23.55752860283338,-46.45552648765075,sao paulo,SP
8280,-23.56180201082004,-46.47968149264242,sao paulo,SP
8250,-23.539824031911863,-46.434679443937874,sao paulo,SP
8280,-23.564780193173288,-46.47673294463039,sao paulo,SP
8280,-23.564656614359794,-46.46887665294733,sao paulo,SP
8250,-23.540586956979624,-46.43782555176293,sao paulo,SP
8250,-23.539927924231048,-46.43487410713254,sao paulo,SP
8340,-23.618298375246354,-46.45852502641048,sao paulo,SP
8340,-23.602954451583944,-46.46043730362405,são paulo,SP
8340,-23.60133979655493,-46.46200727906979,são paulo,SP
8450,-23.539390973628056,-46.40558766694557,sao paulo,SP
8421,-23.569179969298748,-46.41940490115958,sao paulo,SP
8451,-23.542061405505155,-46.39838470191586,sao paulo,SP
8450,-23.547956699694154,-46.38960657438397,sao paulo,SP
8450,-23.54404948275222,-46.407809676960895,sao paulo,SP
8421,-23.562772616711847,-46.422742966414695,sao paulo,SP
8421,-23.563454764786,-46.42377025247768,sao paulo,SP
8431,-23.525436666945577,-46.413071696087485,sao paulo,SP
8431,-23.536889633360264,-46.4167077850424,sao paulo,SP
8431,-23.52560580183505,-46.41440124424374,sao paulo,SP
8451,-23.543985656673787,-46.39132562683941,sao paulo,SP
8451,-23.543728889809028,-46.39596616403139,sao paulo,SP
8577,-23.48262344063541,-46.37448952833195,itaquaquecetuba,SP
8530,-23.535776999999943,-46.37282749999997,ferraz de vasconcelos,SP
8577,-23.48988814879191,-46.37265745864769,itaquaquecetuba,SP
8577,-23.483042264282695,-46.37493447931138,itaquaquecetuba,SP
8510,-23.55835160395378,-46.36234960033054,ferraz de vasconcelos,SP
8530,-23.53682016910077,-46.36681355662302,ferraz de vasconcelos,SP
8583,-23.43567309991361,-46.38032799842931,itaquaquecetuba,SP
8530,-23.53721598029316,-46.36528227254892,ferraz de vasconcelos,SP
8583,-23.43573306531066,-46.3805613642141,itaquaquecetuba,SP
8583,-23.435923096015863,-46.38447437194879,itaquaquecetuba,SP
8541,-23.52145430890418,-46.37456588259565,ferraz de vasconcelos,SP
8541,-23.517898431543223,-46.37254866310949,ferraz de vasconcelos,SP
8541,-23.52270288191583,-46.37456666886768,ferraz de vasconcelos,SP
8510,-23.56170691465189,-46.35731728467749,ferraz de vasconcelos,SP
8673,-23.54646763188849,-46.31743880609893,suzano,SP
8673,-23.54646763188849,-46.31743880609893,suzano,SP
8673,-23.540396467804207,-46.31755900865336,suzano,SP
8832,-23.516913648399584,-46.10417245526518,mogi das cruzes,SP
9015,-23.665703457960586,-46.51808196779969,santo andre,SP
9015,-23.65791224508045,-46.52088020260834,santo andre,SP
9015,-23.664828709677472,-46.51630945420966,santo andre,SP
9171,-23.70007597807146,-46.512702481822366,santo andre,SP
9171,-23.701192742166267,-46.50855382682201,santo andre,SP
9171,-23.700063706118183,-46.51161860739928,santo andre,SP
9230,-23.61571809769749,-46.53118432278263,santo andre,SP
9290,-23.64309058728148,-46.51261568180499,santo andre,SP
9230,-23.6255763985516,-46.52950241756594,santo andre,SP
9290,-23.769330912024,-46.46558703122672,santo andre,SP
9230,-23.61518725114148,-46.52230328196342,santo andre,SP
9290,-23.65254762979276,-46.501404116645006,santo andre,SP
9350,-23.68011442853022,-46.4524537436668,maua,SP
9350,-23.675223189853284,-46.44103830326542,maua,SP
9371,-23.66930462115525,-46.48159847045406,maua,SP
9371,-23.66598191950101,-46.47570497811254,mauá,SP
9371,-23.667159745373223,-46.47982841382458,maua,SP
9350,-23.685711937077315,-46.44479631574056,mauá,SP
9321,-23.64642952510253,-46.433690298084144,maua,SP
9390,-23.65852158573596,-46.45154258453908,maua,SP
9321,-23.651622643855347,-46.43179991339321,maua,SP
9390,-23.649491115471093,-46.44647339884004,maua,SP
9321,-23.643941447688803,-46.44300534026778,maua,SP
9390,-23.65667120009819,-46.45200588317258,maua,SP
9416,-23.73407261059953,-46.44241000920845,ribeirao pires,SP
9415,-23.75156370006625,-46.44223090761778,ribeirao pires,SP
9415,-23.75768808237371,-46.44203013785093,ribeirao pires,SP
9434,-23.657379641968312,-46.37402022795534,ribeirao pires,SP
9434,-23.65979013896073,-46.369296033653946,ribeirão pires,SP
9434,-23.664361967796992,-46.3696827935937,ribeirao pires,SP
9415,-23.75904026894223,-46.44451120038665,ribeirao pires,SP
9416,-23.73610169431168,-46.44166577625721,ribeirao pires,SP
9416,-23.74401903209743,-46.45221001580783,ribeirao pires,SP
9560,-23.626053031363607,-46.554888478215695,sao caetano do sul,SP
9560,-23.62983908742571,-46.55387481043338,sao caetano do sul,SP
9540,-23.625773999999996,-46.56855299278663,sao caetano do sul,SP
9540,-23.62995141167535,-46.56349130212278,sao caetano do sul,SP
9530,-23.61776447100232,-46.574964586733216,sao caetano do sul,SP
9560,-23.62995075035213,-46.55251994719388,são caetano do sul,SP
9530,-23.621077380881,-46.578646724225365,sao caetano do sul,SP
9540,-23.62477541909516,-46.56864996003806,sao caetano do sul,SP
9530,-23.6169952519957,-46.575475781941655,são caetano do sul,SP
9619,-23.66594814120814,-46.56326420731818,sao bernardo do campo,SP
9619,-23.66604595061764,-46.56322977872625,sao bernardo do campo,SP
9691,-23.66967527586777,-46.588902340056265,sao bernardo do campo,SP
9619,-23.666282488458805,-46.56460097155059,sao bernardo do campo,SP
9691,-23.671331928917137,-46.58503875013077,sao bernardo do campo,SP
9691,-23.669873809625333,-46.58834447406073,sao bernardo do campo,SP
9661,-23.658965580904837,-46.59704298946843,sao bernardo do campo,SP
9661,-23.660936947544567,-46.59617399552794,sao bernardo do campo,SP
9628,-23.66148702746846,-46.56416174311855,sao bernardo do campo,SP
9661,-23.66261007799065,-46.596232989468426,sao bernardo do campo,SP
9628,-23.66148702746846,-46.56416174311855,sao bernardo do campo,SP
9628,-23.660199240088787,-46.56568437731553,sao bernardo do campo,SP
9780,-23.71688471949829,-46.54199108267673,sao bernardo do campo,SP
9750,-23.688917125468198,-46.552552123595405,sao bernardo do campo,SP
9751,-23.693028139881143,-46.54695362280001,sao bernardo do campo,SP
9715,-23.71457923606073,-46.54581156219319,são bernardo do campo,SP
9720,-23.71933860892157,-46.5517479343586,sao bernardo do campo,SP
9715,-23.719060962230994,-46.54459211961032,sao bernardo do campo,SP
9725,-23.699353075768943,-46.5600310818858,sao bernardo do campo,SP
9750,-23.6855765211902,-46.550598331462254,sao bernardo do campo,SP
9780,-23.71751397310845,-46.53807028971694,sao bernardo do campo,SP
9750,-23.69493072331144,-46.55402420835774,sao bernardo do campo,SP
9715,-23.719060962230994,-46.54459211961032,sao bernardo do campo,SP
9725,-23.701611332739063,-46.55577580848757,sao bernardo do campo,SP
9725,-23.69833596058631,-46.55874922107444,sao bernardo do campo,SP
9720,-23.71822274916581,-46.55358758458623,sao bernardo do campo,SP
9751,-23.693233703041034,-46.545718718996966,sao bernardo do campo,SP
9751,-23.69354148268775,-46.53867119608748,são bernardo do campo,SP
9780,-23.71341277214488,-46.53793955715862,sao bernardo do campo,SP
9720,-23.714563485140584,-46.55473186372555,são bernardo do campo,SP
9961,-23.716539426075457,-46.60164008391423,diadema,SP
9961,-23.70793389898428,-46.59645187287214,diadema,SP
9961,-23.70456376827278,-46.60425249483281,diadema,SP
9951,-23.69007059755325,-46.59995236023442,diadema,SP
9951,-23.685732346427592,-46.58719463596568,diadema,SP
9951,-23.68752846932889,-46.58637281597331,diadema,SP
9921,-23.68126777542048,-46.612177805125086,diadema,SP
9921,-23.675617613105164,-46.610289445871125,diadema,SP
9921,-23.67934249114948,-46.61198545810219,diadema,SP
11065,-23.9678895545329,-46.34412123980033,santos,SP
11065,-23.966295653067107,-46.34720400721336,santos,SP
11065,-23.966403034970284,-46.33774975243805,santos,SP
11010,-23.93465945090488,-46.331065142884974,santos,SP
11010,-23.932592967539872,-46.33563505121467,santos,SP
11010,-23.93159725088341,-46.33437817682823,santos,SP
11320,-23.97242519856393,-46.371264531333615,sao vicente,SP
11320,-23.968475254405902,-46.37155122893048,sao vicente,SP
11320,-23.965605965311163,-46.37905893696623,sao vicente,SP
11431,-23.99777832361936,-46.2767638411045,guaruja,SP
11431,-23.9914930022217,-46.286132725921874,guaruja,SP
11431,-24.000130969711872,-46.277354204917785,guaruja,SP
11701,-24.011288218359883,-46.41873374429398,praia grande,SP
11701,-24.00774226672053,-46.42534066556061,praia grande,SP
11750,-24.30942886354128,-46.991091315656,peruibe,SP
11704,-24.026786758814687,-46.49304889148245,praia grande,SP
11704,-24.03077309908247,-46.48748488550985,praia grande,SP
11750,-24.312870791957515,-46.98893173945414,peruibe,SP
11750,-24.321527937272798,-46.99440396058632,peruibe,SP
11701,-24.00422564168949,-46.42307684011693,praia grande,SP
11704,-24.024494170103203,-46.47420520705672,praia grande,SP
11930,-24.72923631512427,-47.8751448746274,pariquera-acu,SP
11900,-24.49203032806276,-47.83413137913321,registro,SP
11900,-24.522617510299327,-47.84780154192998,registro,SP
11930,-24.71540048734256,-47.88472208001738,pariquera-acu,SP
11900,-24.516397101733723,-47.81836813569933,registro,SP
11930,-24.70630417224037,-47.8894951324347,pariquera-acu,SP
12243,-23.201781118789317,-45.89567007799064,sao jose dos campos,SP
12246,-23.221587583126546,-45.90665169219235,sao jose dos campos,SP
12246,-23.223343368313174,-45.90949163641868,sao jose dos campos,SP
12243,-23.20853446073054,-45.90036526464305,sao jose dos campos,SP
12243,-23.201436896630543,-45.893600980680034,sao jose dos campos,SP
12216,-23.201181199001663,-45.88358210352587,sao jose dos campos,SP
12246,-23.249075613680144,-45.887194913556655,sao jose dos campos,SP
12233,-23.23724961587513,-45.88082955926476,sao jose dos campos,SP
12233,-23.259922949261775,-45.88708191609124,sao jose dos campos,SP
12233,-23.250007288649083,-45.8888227076,sao jose dos campos,SP
12216,-23.192831999999942,-45.87107749999996,sao jose dos campos,SP
12216,-23.19487194699631,-45.88073235247282,sao jose dos campos,SP
12328,-23.28798077892242,-45.9570349350898,jacarei,SP
12327,-23.29818595956356,-45.974828011182304,jacarei,SP
12328,-23.28996289924409,-45.96541122398862,jacarei,SP
12327,-23.30432178573488,-45.97717112378096,jacarei,SP
12327,-23.299553439666305,-45.9668671876339,jacarei,SP
12308,-23.30139631473257,-45.96172658840667,jacarei,SP
12328,-23.295820650630382,-45.96529241823083,jacarei,SP
12308,-23.30441669969416,-45.965922951843744,jacareí,SP
12308,-23.302225215101835,-45.959958021091815,jacarei,SP
12701,-22.577927804605014,-44.95825089647411,cruzeiro,SP
12701,-22.577450868185096,-44.957813155930126,cruzeiro,SP
12701,-22.57855504369541,-44.96410095617349,cruzeiro,SP
12940,-23.112774381969185,-46.5488845105504,atibaia,SP
12954,-23.098863635889412,-46.54789512763439,atibaia,SP
12940,-23.116930993623352,-46.55396439133822,atibaia,SP
12940,-23.11114432944774,-46.546011350683806,atibaia,SP
12954,-23.034284639875214,-46.54102832982555,atibaia,SP
12954,-23.144221520691108,-46.58799183784505,atibaia,SP
12924,-23.01778836599993,-46.52244499999995,braganca paulista,SP
12924,-22.86349714144556,-46.53067733881425,braganca paulista,SP
12924,-22.8623683672858,-46.527710771945934,braganca paulista,SP
13070,-22.895876357204664,-47.0791850342778,campinas,SP
13045,-22.92841942957608,-47.03706900304376,campinas,SP
13091,-22.86623673772286,-47.02516561962605,campinas,SP
13087,-22.85275770752771,-47.05510214136723,campinas,SP
13091,-22.87930399783197,-47.03845866397305,campinas,SP
13058,-22.950289907294163,-47.182224818627695,campinas,SP
13044,-22.95282064788205,-47.02865383550558,campinas,SP
13070,-22.884723941354903,-47.076555310574605,campinas,SP
13044,-22.949418363581312,-47.031132425760255,campinas,SP
13043,-22.933200411915568,-47.04106490766075,campinas,SP
13087,-22.854677050233725,-47.051945774770616,campinas,SP
13070,-22.892501694730647,-47.07800185789511,campinas,SP
13087,-22.86609046378896,-47.06142305245541,campinas,SP
13044,-22.93855651650419,-47.04276989731084,campinas,SP
13058,-22.96261345268047,-47.19717553719198,campinas,SP
13058,-22.95592454593455,-47.19254292630851,campinas,SP
13091,-22.87229447100232,-47.025062832361925,campinas,SP
13045,-22.92944334795276,-47.03495366958973,campinas,SP
13013,-22.91123520843672,-47.05819755314793,campinas,SP
13013,-22.901984070294223,-47.06960203325825,campinas,SP
13013,-22.905819345547904,-47.06836915543305,campinas,SP
13045,-22.92841942957608,-47.03706900304376,campinas,SP
13043,-22.928951250080623,-47.044806425163806,campinas,SP
13043,-22.93630784881135,-47.039842334386734,campinas,SP
13186,-22.887514996879027,-47.19573904628551,hortolandia,SP
13186,-22.89042197115665,-47.19699372009866,hortolandia,SP
13186,-22.897489988156547,-47.19471440834186,hortolandia,SP
13170,-22.828654864562257,-47.267296160568925,sumare,SP
13170,-22.82462154470405,-47.264055877674345,sumaré,SP
13145,-22.73306060560335,-47.17829082930352,paulínia,SP
13171,-22.83415780460501,-47.27774968734491,sumare,SP
13145,-22.747226454733877,-47.17105239391846,paulinia,SP
13188,-22.894244007858305,-47.23358323658409,hortolândia,SP
13171,-22.82769241993188,-47.27395313794791,sumare,SP
13170,-22.829554218505667,-47.27079053657423,sumare,SP
13188,-22.89734423742944,-47.23206232662636,hortolandia,SP
13145,-22.747226454733877,-47.17105239391846,paulinia,SP
13183,-22.84130864526152,-47.21940877608377,hortolandia,SP
13188,-22.89094664892722,-47.231372588415134,hortolândia,SP
13171,-22.828938927765652,-47.26889282031284,sumare,SP
13101,-22.90081444463038,-46.99864279239999,campinas,SP
13183,-22.8578612702516,-47.200494053864624,hortolandia,SP
13183,-22.85612612670536,-47.20754870336727,hortolandia,SP
13101,-22.925809895925862,-47.02151521302435,campinas,SP
13101,-22.903329069008706,-46.9985528033878,campinas,SP
13283,-23.01011064782791,-46.98368633960173,vinhedo,SP
13208,-23.190172576172973,-46.891633311270105,jundiai,SP
13280,-23.035339717467757,-46.97157885039535,vinhedo,SP
13290,-23.08412527710581,-46.98121307089687,louveira,SP
13208,-23.196035935267226,-46.89470732504013,jundiai,SP
13270,-22.976619071841363,-47.01071509319301,valinhos,SP
13211,-23.179889672043977,-46.928510109318665,jundiai,SP
13206,-23.211714582578274,-46.8753760355472,jundiaí,SP
13280,-23.026569472100466,-46.98209836454457,vinhedo,SP
13211,-23.17301102723273,-46.92419739467024,jundiai,SP
13208,-23.19106445325738,-46.90183030099831,jundiaí,SP
13257,-22.995677703232374,-46.857106243157794,itatiba,SP
13232,-23.20706431353269,-46.760735214610754,campo limpo paulista,SP
13280,-23.01673123179273,-46.992580591655496,vinhedo,SP
13290,-23.080145200450907,-46.95778578779591,louveira,SP
13290,-23.10098502757524,-46.97750249999999,louveira,SP
13211,-23.19905481852097,-46.91435331828781,jundiai,SP
13206,-23.20743441062393,-46.881160114072365,jundiai,SP
13206,-23.21690693366611,-46.8756643097409,jundiai,SP
13270,-22.969095249181027,-46.99610951085402,valinhos,SP
13201,-23.192759454717024,-46.87833704570238,jundiai,SP
13201,-23.18158337913322,-46.88870256939229,jundiaí,SP
13232,-23.21438523122222,-46.76501501718525,campo limpo paulista,SP
13278,-23.00828704369726,-47.00919837209965,valinhos,SP
13223,-23.214642313163168,-46.80396377210217,varzea paulista,SP
13201,-23.18701392172089,-46.8896544790524,jundiai,SP
13223,-23.2157051799472,-46.80467371750572,varzea paulista,SP
13257,-22.99763368111134,-46.8500660517461,itatiba,SP
13232,-23.214913573259143,-46.7604232158094,campo limpo paulista,SP
13278,-23.01310147702969,-47.02058443524531,valinhos,SP
13278,-23.00932197237216,-47.021487472402,valinhos,SP
13283,-23.02518904948734,-46.963735440731575,vinhedo,SP
13270,-22.976447902368307,-47.00659596302574,valinhos,SP
13257,-22.994724976419132,-46.85117528850747,itatiba,SP
13283,-23.01600177097351,-46.97281627942983,vinhedo,SP
13223,-23.21179210819104,-46.81202369952627,varzea paulista,SP
13310,-23.27791979536116,-47.29777730942436,itu,SP
13380,-22.779754253242903,-47.295758177052605,nova odessa,SP
13346,-23.1144961851232,-47.22977576894223,indaiatuba,SP
13327,-23.175880576172972,-47.31592004954123,salto,SP
13324,-23.20591698084141,-47.307845865803,salto,SP
13301,-23.25803550268717,-47.29417635508712,itu,SP
13320,-23.198860047870664,-47.29334560811024,salto,SP
13310,-23.270813251640966,-47.31141243542847,itu,SP
13301,-23.251528948381296,-47.296270166685765,itu,SP
13324,-23.206255019158583,-47.30927660866177,salto,SP
13327,-23.18187693228112,-47.32153827047144,salto,SP
13324,-23.205244798776626,-47.30805287039063,salto,SP
13311,-23.26608248211083,-47.31279244463039,itu,SP
13320,-23.200740902014047,-47.30062526796129,salto,SP
13310,-23.287540773713783,-47.30456778724705,itu,SP
13301,-23.25397365834723,-47.29773967317797,itu,SP
13320,-23.204533808500155,-47.29646690536094,salto,SP
13311,-23.2611277374344,-47.315200729817015,itu,SP
13327,-23.18325157255603,-47.31164177626513,salto,SP
13311,-23.25789932555261,-47.31892078031055,itu,SP
13346,-23.124670742166256,-47.22962794976626,indaiatuba,SP
13346,-23.123957703343653,-47.227902540393416,indaiatuba,SP
13380,-22.77679374905404,-47.29345090449989,nova odessa,SP
13380,-22.784455055033384,-47.3147467731398,nova odessa,SP
13416,-22.715110444918835,-47.645625352213,piracicaba,SP
13419,-22.726257875353635,-47.63781138952056,piracicaba,SP
13453,-22.73579256527013,-47.41089508396748,santa barbara d'oeste,SP
13453,-22.741596994383052,-47.40184671543956,santa barbara d'oeste,SP
13411,-22.671447720100478,-47.68291776300415,piracicaba,SP
13401,-22.75658158673322,-47.6511707514571,piracicaba,SP
13481,-22.599254430886607,-47.37980963550319,limeira,SP
13453,-22.731871498010022,-47.40775051735636,santa barbara d'oeste,SP
13418,-22.72880404359728,-47.63173831975289,piracicaba,SP
13405,-22.71683928585045,-47.65736585405934,piracicaba,SP
13481,-22.59801656219816,-47.39727160848652,limeira,SP
13419,-22.725099386635037,-47.6450350453863,piracicaba,SP
13481,-22.60139017568815,-47.3993359679439,limeira,SP
13457,-22.768743804807222,-47.395682479228896,santa bárbara d'oeste,SP
13405,-22.710936940042743,-47.66300763087877,piracicaba,SP
13419,-22.73377846849216,-47.63934794061967,piracicaba,SP
13456,-22.75967282783305,-47.364736674563375,santa barbara d'oeste,SP
13456,-22.755485219267158,-47.36309596069621,santa barbara d'oeste,SP
13418,-22.7182424454671,-47.63064220191586,piracicaba,SP
13405,-22.69951228172417,-47.6657245999192,piracicaba,SP
13418,-22.7287090469155,-47.63187979032251,piracicaba,SP
13401,-22.749343732442743,-47.65397650943508,piracicaba,SP
13416,-22.71124658534824,-47.64666700637663,piracicaba,SP
13401,-22.745700147094496,-47.66527069747245,piracicaba,SP
13416,-22.71269517652486,-47.64551697126211,piracicaba,SP
13478,-22.737278419931872,-47.31266995989381,americana,SP
13478,-22.73784513775067,-47.3153219704865,americana,SP
13411,-22.67004851457095,-47.67963241326677,piracicaba,SP
13406,-22.68073272144369,-47.70099050140135,piracicaba,SP
13478,-22.7507169978434,-47.30547858741472,americana,SP
13411,-22.68148680293157,-47.68362375186112,piracicaba,SP
13457,-22.76774645443306,-47.39866604043143,santa barbara d oeste,SP
13456,-22.76122925325127,-47.36453316647031,santa barbara d'oeste,SP
13457,-22.763356961916863,-47.36163578658488,santa barbara d'oeste,SP
13432,-22.676453803284016,-47.770112916082496,piracicaba,SP
13406,-22.68117096237163,-47.70459234228532,piracicaba,SP
13406,-22.68073272144369,-47.70099050140135,piracicaba,SP
13432,-22.685599049108543,-47.77551213217684,piracicaba,SP
13432,-22.65798699999993,-47.76870605699997,piracicaba,SP
13505,-22.392256145058425,-47.55944968375016,rio claro,SP
13505,-22.377233073835704,-47.566020189710834,rio claro,SP
13505,-22.38183140383172,-47.56759251208943,rio claro,SP
13503,-22.404280214539902,-47.57843446971193,rio claro,SP
13568,-22.016967296150906,-47.85171546211552,sao carlos,SP
13503,-22.402557666716326,-47.57528148492521,rio claro,SP
13568,-22.002213456575603,-47.855502,sao carlos,SP
13568,-22.00410852899768,-47.85620013918864,sao carlos,SP
13503,-22.412161929589875,-47.57049268009264,rio claro,SP
13660,-21.858555070695942,-47.48403458197557,porto ferreira,SP
13660,-21.85802410946941,-47.45089890951482,porto ferreira,SP
13660,-21.85734338702371,-47.48243298547838,porto ferreira,SP
13630,-22.00660589921609,-47.42763984666532,pirassununga,SP
13630,-21.99498052753628,-47.43028384347642,pirassununga,SP
13630,-21.995365811709167,-47.427775551674856,pirassununga,SP
13760,-21.472572344386293,-46.74795423526378,tapiratiba,SP
13760,-21.472152293415945,-46.74920713314103,tapiratiba,SP
13760,-21.475546568213616,-46.7540438190936,tapiratiba,SP
13844,-22.382941116125448,-46.94664125419024,mogi-guacu,SP
13825,-22.61429565168213,-47.06761188787577,holambra,SP
13844,-22.38331487697203,-46.94812798833264,mogi-guacu,SP
13874,-21.96762672836732,-46.787603701128894,sao joao da boa vista,SP
13874,-21.96934717402716,-46.78591221896343,sao joao da boa vista,SP
13844,-22.38049984151139,-46.952964518892415,mogi guacu,SP
13825,-22.64096925865071,-47.05107843858292,holambra,SP
13874,-21.97492516402224,-46.76519282279006,sao joao da boa vista,SP
13846,-22.33932197651208,-46.954460413369226,mogi guaçu,SP
13846,-22.33756422025024,-46.95204193643374,mogi-guacu,SP
13846,-22.34699667118982,-46.953648330023455,mogi-guacu,SP
13825,-22.641167598389984,-47.05079554010618,holambra,SP
13920,-22.73824150585765,-46.8958585777586,pedreira,SP
13920,-22.73747302311109,-46.90526047688888,pedreira,SP
13930,-22.596440207291085,-46.71196868822353,serra negra,SP
13920,-22.740678596144093,-46.89445383280064,pedreira,SP
13930,-22.62234374770618,-46.71223521648682,serra negra,SP
13930,-22.609933668815927,-46.70209318847618,serra negra,SP
14020,-21.210104711049134,-47.80139005429387,ribeirao preto,SP
14050,-21.17121748495008,-47.81941847157649,ribeirao preto,SP
14095,-21.188764942887172,-47.76987064730896,ribeirao preto,SP
14085,-21.16850440882337,-47.79370519233655,ribeirao preto,SP
14095,-21.19214998612154,-47.77221533971953,ribeirao preto,SP
14020,-21.2087768104334,-47.80689386955393,ribeirao preto,SP
14050,-21.17070226113826,-47.81391542675223,ribeirao preto,SP
14079,-21.15613133316094,-47.74568764755373,ribeirao preto,SP
14020,-21.204992158202995,-47.80241777338562,ribeirao preto,SP
14095,-21.19035825229381,-47.77247512975359,ribeirao preto,SP
14050,-21.1748265,-47.82756149999999,ribeirao preto,SP
14085,-21.159944612268443,-47.79639075437129,ribeirao preto,SP
14085,-21.17222709893554,-47.80487443442829,ribeirão preto,SP
14079,-21.13584914072447,-47.75963971192154,ribeirao preto,SP
14079,-21.13357114384627,-47.752985459105794,ribeirao preto,SP
14092,-21.174925033585303,-47.7686162776848,ribeirao preto,SP
14092,-21.18214355813957,-47.76111347362804,ribeirão preto,SP
14092,-21.17517809186911,-47.76670755467711,ribeirao preto,SP
14160,-21.13146388576363,-47.9959677574636,sertaozinho,SP
14160,-21.14247954149116,-47.98773333680534,sertaozinho,SP
14160,-21.132205784349917,-47.99489647238732,sertaozinho,SP
14177,-21.12270565823476,-48.0135887254543,sertaozinho,SP
14110,-21.185944576067463,-47.81498292186677,bonfim paulista,SP
14110,-21.26545713811648,-47.80925166665395,bonfim paulista,SP
14177,-21.126485462115525,-48.01959473604942,sertaozinho,SP
14177,-21.120040666108856,-48.02305162614692,sertãozinho,SP
14110,-21.26876977324141,-47.8192475224768,bonfim paulista,SP
14115,-21.49530743377723,-48.03684008452243,guatapará,SP
14115,-21.49997792466768,-48.03726039776328,guatapara,SP
14115,-21.494200387790915,-48.01436905960713,guatapara,SP
14230,-21.31363348956331,-47.56361877243968,serra azul,SP
14230,-21.31193424195014,-47.5636801318719,serra azul,SP
14230,-21.303324284603043,-47.56019330595234,serra azul,SP
14312,-20.916468353698388,-47.574216767527176,batatais,SP
14400,-20.53193450696372,-47.399446711253766,franca,SP
14407,-20.50234199999999,-47.4215895,franca,SP
14403,-20.54822779974972,-47.395897060007975,franca,SP
14403,-20.55111607627002,-47.39520758736405,franca,SP
14400,-20.5317070897318,-47.40043846268641,franca,SP
14406,-20.531151999894856,-47.43366787318517,franca,SP
14403,-20.567061171203783,-47.36790662073282,franca,SP
14406,-20.55169780814256,-47.41511572671688,franca,SP
14400,-20.538235001943136,-47.39560478077839,franca,SP
14406,-20.55487332024473,-47.44393584675157,franca,SP
14407,-20.48733428511492,-47.41559207749094,franca,SP
14407,-20.493197176589643,-47.40901041139382,franca,SP
14580,-20.43399042630061,-47.81416224047547,guara,SP
14580,-20.42621599883804,-47.825646987088376,guará,SP
14580,-20.425510450411952,-47.81153772003029,guara,SP
14610,-20.43102420974765,-48.01701483913844,ipua,SP
14610,-20.431407264000715,-48.01535234655172,ipuã,SP
14610,-20.43652616956887,-48.01582867577227,ipua,SP
14783,-20.57622133702129,-48.57792225353819,barretos,SP
14783,-20.56618901610016,-48.58120575797796,barretos,SP
14783,-20.569137674158927,-48.56234573910785,barretos,SP
14802,-21.760806096824155,-48.17228519205648,araraquara,SP
14840,-21.36235769739203,-48.232975701561735,guariba,SP
14840,-21.36638094534681,-48.2203674778317,guariba,SP
14840,-21.35102852323868,-48.22325233346996,guariba,SP
14850,-21.36757068180344,-48.06270442872158,pradopolis,SP
14802,-21.773027483207347,-48.18459230737496,araraquara,SP
14850,-21.363690797973124,-48.07158744679505,pradopolis,SP
14850,-21.36141268290365,-48.072871245991465,pradopolis,SP
14802,-21.767229724269903,-48.178465401998345,araraquara,SP
14940,-21.7664768468313,-48.83154737836604,ibitinga,SP
14960,-21.46284342229134,-49.21918836311204,novo horizonte,SP
14960,-21.471704072332383,-49.2139519512295,novo horizonte,SP
14940,-21.7506212217083,-48.83149741274348,ibitinga,SP
14960,-21.46831902802613,-49.23622498914935,novo horizonte,SP
14940,-21.748902703984903,-48.81459759986821,ibitinga,SP
15025,-20.80243626346376,-49.39562406741489,sao jose do rio preto,SP
15025,-20.816686578378,-49.39492494796845,sao jose do rio preto,SP
15053,-20.776666890782614,-49.36287357278835,sao jose do rio preto,SP
15025,-20.807430981871637,-49.39686064490445,são josé do rio preto,SP
15081,-20.84380119949777,-49.36891118527178,são josé do rio preto,SP
15030,-20.79075839726487,-49.38146791931792,sao jose do rio preto,SP
15081,-20.83979142604185,-49.36434379063306,sao jose do rio preto,SP
15040,-20.799911489122422,-49.41898406325502,são josé do rio preto,SP
15040,-20.800595307461997,-49.42258555541082,sao jose do rio preto,SP
15040,-20.80226550138328,-49.43014042253649,sao jose do rio preto,SP
15030,-20.79028437084826,-49.38419603089992,sao jose do rio preto,SP
15053,-20.772691062555324,-49.35991907500135,sao jose do rio preto,SP
15030,-20.793863662791576,-49.38562745823982,sao jose do rio preto,SP
15053,-20.77365593463244,-49.356900158231646,sao jose do rio preto,SP
15081,-20.84442804253424,-49.36812828338108,sao jose do rio preto,SP
15170,-20.619786901756022,-49.64820320291271,tanabi,SP
15170,-20.630656381370468,-49.65675050633983,tanabi,SP
15170,-20.61392268236356,-49.659698827876994,tanabi,SP
15501,-20.433488753848312,-49.97851439170862,votuporanga,SP
15501,-20.424147128796395,-49.96849201974058,votuporanga,SP
15501,-20.42858924030255,-49.98187235292682,votuporanga,SP
15601,-20.29811259961654,-50.25331663457617,fernandopolis,SP
15685,-20.00472845531312,-50.36990917648097,ouroeste,SP
15685,-20.0019394282266,-50.37402561194458,ouroeste,SP
15685,-20.00288612815193,-50.37310460945508,ouroeste,SP
15601,-20.29757539908689,-50.26553470933993,fernandópolis,SP
15601,-20.29464534932237,-50.25372951457052,fernandopolis,SP
15810,-21.162702972351784,-48.97639517069088,catanduva,SP
15810,-21.147921827370272,-48.97234074424372,catanduva,SP
15810,-21.13162241909515,-48.95168263780365,catanduva,SP
15950,-21.24607941923738,-48.80412605259864,santa adelia,SP
15950,-21.23926301883812,-48.79527505867604,santa adelia,SP
15950,-21.243952843523147,-48.80702948069914,santa adelia,SP
16072,-21.204108401787465,-50.45286394468003,aracatuba,SP
16057,-21.167685565641403,-50.44867684041202,araçatuba,SP
16057,-21.17228655800825,-50.4453935132187,aracatuba,SP
16072,-21.203127,-50.46079499999999,aracatuba,SP
16072,-21.1984794476888,-50.458175433810325,aracatuba,SP
16012,-21.21832154593456,-50.400362346932894,araçatuba,SP
16012,-21.21442641104507,-50.40542484693288,aracatuba,SP
16057,-21.17296174888325,-50.45052603055457,aracatuba,SP
16012,-21.208965463788964,-50.39620186372554,aracatuba,SP
16200,-21.301705697260985,-50.33198634467411,birigui,SP
16200,-21.303314868389645,-50.33528422537569,birigui,SP
16200,-21.29680338463704,-50.35085179046796,birigui,SP
16301,-21.426570046543283,-50.06791761043272,penapolis,SP
16301,-21.43244049954755,-50.06402188573603,penapolis,SP
16301,-21.42515384406098,-50.06836922119719,penapolis,SP
17047,-22.33259929227913,-49.0443811707606,bauru,SP
17012,-22.332425763517893,-49.060789754631074,bauru,SP
17012,-22.32725413429287,-49.06232867271887,bauru,SP
17018,-22.35973743184844,-49.05231525174554,bauru,SP
17018,-22.3606206131976,-49.05021942852455,bauru,SP
17012,-22.329914388250277,-49.06497388844811,bauru,SP
17018,-22.360264990875876,-49.054138304445765,bauru,SP
17032,-22.32817929115924,-49.02886625465973,bauru,SP
17032,-22.32817929115924,-49.02886625465973,bauru,SP
17047,-22.330904070777287,-49.04722860159262,bauru,SP
17047,-22.33259929227913,-49.0443811707606,bauru,SP
17032,-22.320684838738572,-49.03557271443799,bauru,SP
17160,-22.032324794455896,-48.90920500612332,arealva,SP
17160,-22.02810545628037,-48.91610599385684,arealva,SP
17160,-22.026775500000003,-48.91845375,arealva,SP
17209,-22.27568678711987,-48.542599749927895,jau,SP
17208,-22.280791095202737,-48.5521513301464,jaú,SP
17250,-22.087700920983718,-48.7476570587839,bariri,SP
17208,-22.27029052761269,-48.5550598462404,jau,SP
17210,-22.29164124459334,-48.54989181391441,jaú,SP
17210,-22.28121589546653,-48.53868307598841,jaú,SP
17210,-22.282919381903174,-48.53427430974091,jau,SP
17250,-22.08579491404656,-48.75018941020412,bariri,SP
17208,-22.25876534483271,-48.55124749176407,jaú,SP
17250,-22.07034912934884,-48.743858608240586,bariri,SP
17209,-22.273780358041392,-48.54247513835192,jaú,SP
17209,-22.265974791730194,-48.54498949441896,jau,SP
17300,-22.371028644611588,-48.38528974062769,dois corregos,SP
17300,-22.363449011432287,-48.394015976443136,dois corregos,SP
17300,-22.368551336609627,-48.38491466778586,dois corregos,SP
17400,-22.218988944556266,-49.64362334020589,garca,SP
17400,-22.20747145041756,-49.66454282461354,garça,SP
17400,-22.21044478982765,-49.652952114080456,garça,SP
17511,-22.181007751312865,-49.963543554532905,marilia,SP
17511,-22.177176507390232,-49.960728356531234,marília,SP
17514,-22.188742247875226,-49.93422578806241,marilia,SP
17511,-22.18113385567545,-49.95864507132556,marilia,SP
17514,-22.178727817098487,-49.9202370051359,marilia,SP
17514,-22.17847949999999,-49.91650199999999,marilia,SP
17690,-21.92576605362672,-50.74077415347185,bastos,SP
17690,-21.925758865590616,-50.72932753361789,bastos,SP
17690,-21.926663301769217,-50.739884378215045,bastos,SP
17900,-21.4988715,-51.53786099999999,dracena,SP
17900,-21.4988715,-51.53786099999999,dracena,SP
17900,-21.48099977495527,-51.53890653376831,dracena,SP
17980,-21.362307677836903,-51.86346633891845,panorama,SP
17980,-21.366551142689165,-51.85570831720414,panorama,SP
17980,-21.355463980618683,-51.851137426638296,panorama,SP
18035,-23.501058123111395,-47.46835501559965,sorocaba,SP
18074,-23.448281036643923,-47.48873627920402,sorocaba,SP
18090,-23.474158480273637,-47.4550642451937,sorocaba,SP
18055,-23.489741556206333,-47.509921178602326,sorocaba,SP
18090,-23.47956018296701,-47.443181854627646,sorocaba,SP
18074,-23.45006837246811,-47.49274892714524,sorocaba,SP
18074,-23.44595601165676,-47.49049287621902,sorocaba,SP
18035,-23.503300354982965,-47.45675117430317,sorocaba,SP
18035,-23.502024317122192,-47.46980887896095,sorocaba,SP
18055,-23.480488604106377,-47.51214891470318,sorocaba,SP
18090,-23.48279572879344,-47.4518772405627,sorocaba,SP
18055,-23.50101057285476,-47.48778882209016,sorocaba,SP
18130,-23.53626695697963,-47.13489184347044,sao roque,SP
18136,-23.56096330427244,-47.14802654049926,sao roque,SP
18136,-23.54663300415304,-47.13157695974597,são roque,SP
18130,-23.534589583126543,-47.1339803916267,são roque,SP
18130,-23.531604483209268,-47.13761049293446,sao roque,SP
18136,-23.553327489035727,-47.13722099999998,são roque,SP
18132,-23.521078528228543,-47.138172429386366,sao roque,SP
18132,-23.525629994895468,-47.13951957009586,sao roque,SP
18132,-23.519101075768948,-47.14047393949448,sao roque,SP
18500,-23.03582473318652,-47.8363026594829,laranjal paulista,SP
18500,-23.05166243103252,-47.83935039056969,laranjal paulista,SP
18500,-23.050076294852147,-47.83545811576363,laranjal paulista,SP
18685,-22.58508820351035,-48.8109752196649,lencois paulista,SP
18685,-22.57966072215999,-48.813462828032165,lençóis paulista,SP
18685,-22.58223022693286,-48.81103581051795,lencois paulista,SP
18720,-23.385586077409,-48.71884722663808,paranapanema,SP
18720,-23.38982574666361,-48.72146223192413,paranapanema,SP
18720,-23.37959625529186,-48.72619782122536,paranapanema,SP
19023,-22.11545190136955,-51.39640853541775,presidente prudente,SP
19050,-22.13375624761404,-51.402435088564296,presidente prudente,SP
19020,-22.13651597360134,-51.396204302534905,presidente prudente,SP
19050,-22.13787220595493,-51.40178470015961,presidente prudente,SP
19020,-22.11542601839502,-51.38459355727485,presidente prudente,SP
19023,-22.10748364631613,-51.40235380027065,presidente prudente,SP
19020,-22.117778726841262,-51.38587627378416,presidente prudente,SP
19023,-22.11487489461921,-51.39452413946193,presidente prudente,SP
19050,-22.139249793366396,-51.399461035404094,presidente prudente,SP
19800,-22.66791333527613,-50.41920174522468,assis,SP
19814,-22.64961538190318,-50.406862966414685,assis,SP
19880,-22.752691244854063,-50.38967035867833,cândido mota,SP
19840,-22.612730029018135,-50.66536412319007,maracai,SP
19814,-22.66712692856859,-50.41649000676698,assis,SP
19814,-22.65771633527612,-50.41128274132955,assis,SP
19880,-22.74721559954045,-50.38376647272111,candido mota,SP
19880,-22.746120232616075,-50.377607373085866,candido mota,SP
19840,-22.610429533018088,-50.66746320014944,maracai,SP
19840,-22.613020348400568,-50.67530560763676,maracaí,SP
19800,-22.66661147821569,-50.41698274854289,assis,SP
19820,-22.751694253550635,-50.5739497814992,taruma,SP
19800,-22.66791333527613,-50.41920174522468,assis,SP
19803,-22.679653253935196,-50.44287891853987,assis,SP
19803,-22.677471418353925,-50.43604083276329,assis,SP
19803,-22.675094822090152,-50.43907594670785,assis,SP
19820,-22.743568912434288,-50.58115404723183,taruma,SP
19820,-22.75328014273052,-50.58206335630482,taruma,SP
19906,-22.98945573088105,-49.87509247068391,ourinhos,SP
19906,-22.985526300305835,-49.871963535662765,ourinhos,SP
19906,-22.982127370209454,-49.882647677174624,ourinhos,SP
20021,-22.90970975575626,-43.17132226977895,rio de janeiro,RJ
20040,-22.906800000000004,-43.176623145421054,rio de janeiro,RJ
20021,-22.91560893588781,-43.17777219983837,rio de janeiro,RJ
20040,-22.91187791811421,-43.175093288476205,rio de janeiro,RJ
20021,-22.907924821541886,-43.16852767513988,rio de janeiro,RJ
20040,-22.903996725229376,-43.17739555176294,rio de janeiro,RJ
20230,-22.908714883432378,-43.193807831813686,rio de janeiro,RJ
20230,-22.914905521784316,-43.18651417055224,rio de janeiro,RJ
20270,-22.920104850395337,-43.22138202997862,rio de janeiro,RJ
20270,-22.917327369149884,-43.22326612724342,rio de janeiro,RJ
20230,-22.909640574788,-43.19418934194123,rio de janeiro,RJ
20270,-22.9139305681229,-43.21842471746775,rio de janeiro,RJ
20251,-22.923409610046747,-43.20650332223439,rio de janeiro,RJ
20251,-22.9241864074384,-43.197089008050085,rio de janeiro,RJ
20251,-22.930630482512804,-43.201971983021984,rio de janeiro,RJ
20560,-22.918809812943557,-43.26535370468581,rio de janeiro,RJ
20510,-22.93264121120669,-43.23915878100303,rio de janeiro,RJ
20520,-22.92931946221692,-43.23596118471042,rio de janeiro,RJ
20540,-22.92173310574757,-43.25868934445138,rio de janeiro,RJ
20510,-22.928935966962943,-43.2433679630678,rio de janeiro,RJ
20510,-22.92907250706913,-43.25223683873857,rio de janeiro,RJ
20520,-22.928752780743228,-43.23953630267176,rio de janeiro,RJ
20540,-22.92478009270583,-43.25889782915928,rio de janeiro,RJ
20540,-22.92350965631405,-43.25753775053363,rio de janeiro,RJ
20560,-22.9170794454671,-43.26032191326678,rio de janeiro,RJ
20560,-22.916909557851117,-43.25661478282069,rio de janeiro,RJ
20520,-22.925729954209675,-43.23359887079467,rio de janeiro,RJ
20940,-22.898688716890845,-43.21711791782575,rio de janeiro,RJ
20940,-22.901614889260767,-43.22230141271852,rio de janeiro,RJ
20940,-22.900744938109504,-43.22205835053956,rio de janeiro,RJ
21021,-22.84545803220033,-43.26412144878531,rio de janeiro,RJ
21021,-22.848878828207,-43.26316334165277,rio de janeiro,RJ
21021,-22.838294430203657,-43.264129577038354,rio de janeiro,RJ
21044,-22.855739132704457,-43.24139402405136,rio de janeiro,RJ
21044,-22.852499153936645,-43.24420117692305,rio de janeiro,RJ
21044,-22.84205031109449,-43.23922105812478,rio de janeiro,RJ
21381,-22.878476937821056,-43.31517005147447,rio de janeiro,RJ
21381,-22.914429815000663,-43.242360338949744,rio de janeiro,RJ
21381,-22.87554601748513,-43.30776505176294,rio de janeiro,RJ
21635,-22.829193849010363,-43.408286706907525,rio de janeiro,RJ
21635,-22.83172953344107,-43.41161814669046,rio de janeiro,RJ
21635,-22.836818723844395,-43.4136937574297,rio de janeiro,RJ
21750,-22.871499338334544,-43.41181417262971,rio de janeiro,RJ
21750,-22.88090999813616,-43.41327420037277,rio de janeiro,RJ
21750,-22.88090999813616,-43.41327420037277,rio de janeiro,RJ
21770,-22.887010089099142,-43.437039538432735,rio de janeiro,RJ
21770,-22.89542620038664,-43.448731721622686,rio de janeiro,RJ
21770,-22.891781923394326,-43.44171287913322,rio de janeiro,RJ
21840,-22.87459850346245,-43.477731000000006,rio de janeiro,RJ
21840,-22.875070506780663,-43.465464,rio de janeiro,RJ
21840,-22.87417999048916,-43.47829407582582,rio de janeiro,RJ
21825,-22.89211739578164,-43.47562901249349,rio de janeiro,RJ
21825,-22.893332984382333,-43.47461429022559,rio de janeiro,RJ
21825,-22.88848753621104,-43.475503615182646,rio de janeiro,RJ
21920,-22.79448670552253,-43.19901880099832,rio de janeiro,RJ
21920,-22.794174493190663,-43.18357352885343,rio de janeiro,RJ
21920,-22.798324729384323,-43.19403045406543,rio de janeiro,RJ
22040,-22.96700369193254,-43.18314576657629,rio de janeiro,RJ
22030,-22.968219049397007,-43.18823673772285,rio de janeiro,RJ
22030,-22.964732067718863,-43.18383929462168,rio de janeiro,RJ
22040,-22.968298477927224,-43.18394948583307,rio de janeiro,RJ
22030,-22.96404947209884,-43.18069045891286,rio de janeiro,RJ
22010,-22.962079980841413,-43.1679761924808,rio de janeiro,RJ
22060,-22.973939675543917,-43.190175781579946,rio de janeiro,RJ
22010,-22.96335826366212,-43.17133152123605,rio de janeiro,RJ
22040,-22.966447369957947,-43.1841884733396,rio de janeiro,RJ
22010,-22.96258262891687,-43.17360687731553,rio de janeiro,RJ
22060,-22.97801026311386,-43.18971068443071,rio de janeiro,RJ
22060,-22.97961336303305,-43.19099345807616,rio de janeiro,RJ
22240,-22.93125598447676,-43.17881321481337,rio de janeiro,RJ
22240,-22.933457718824084,-43.18582373134621,rio de janeiro,RJ
22291,-22.81859544240868,-43.27322500582838,rio de janeiro,RJ
22260,-22.94914024395528,-43.1890677882164,rio de janeiro,RJ
22260,-22.94914024395528,-43.1890677882164,rio de janeiro,RJ
22291,-22.94625199777829,-43.161238267557245,rio de janeiro,RJ
22240,-22.938480754919546,-43.192685158203,rio de janeiro,RJ
22260,-22.95321836386977,-43.19652689174226,rio de janeiro,RJ
22291,-22.94873235082803,-43.16263462003007,rio de janeiro,RJ
22440,-22.987106811270102,-43.22749700083673,rio de janeiro,RJ
22441,-22.9835768104334,-43.22072313001338,rio de janeiro,RJ
22440,-22.984386537884475,-43.2187203569162,rio de janeiro,RJ
22441,-22.98830803397257,-43.22756264339304,rio de janeiro,RJ
22470,-22.96555273382772,-43.2162783326504,rio de janeiro,RJ
22441,-22.983475128224374,-43.22637233720936,rio de janeiro,RJ
22440,-22.98535942853022,-43.21861387134292,rio de janeiro,RJ
22470,-22.962363463788968,-43.20885150000001,rio de janeiro,RJ
22470,-22.9607813072594,-43.20814032209015,rio de janeiro,RJ
22793,-23.00927096142304,-43.42940927644404,rio de janeiro,RJ
22775,-22.972956517889177,-43.39706327699233,rio de janeiro,RJ
22790,-23.01133469499096,-43.45025641534424,rio de janeiro,RJ
22790,-23.00953534828921,-43.436039237867085,rio de janeiro,RJ
22793,-22.99722362556803,-43.41515344348944,rio de janeiro,RJ
22783,-22.99280667740874,-43.44828652055829,rio de janeiro,RJ
22793,-22.996132291707497,-43.40440577852152,rio de janeiro,RJ
22790,-23.01871347988913,-43.452904369957935,rio de janeiro,RJ
22775,-22.95148017408273,-43.38929163219839,rio de janeiro,RJ
22735,-22.92013400805008,-43.36031889592586,rio de janeiro,RJ
22775,-22.98992771475405,-43.36048828907104,rio de janeiro,RJ
22753,-22.97938068457905,-43.3327651254376,rio de janeiro,RJ
22760,-22.94491421371684,-43.34638345749923,rio de janeiro,RJ
22735,-22.922445017485146,-43.36443319025909,rio de janeiro,RJ
22760,-22.93790249070916,-43.34195301887011,rio de janeiro,RJ
22753,-22.94604754371285,-43.33981380195063,rio de janeiro,RJ
22783,-22.979488628661663,-43.41520625613467,rio de janeiro,RJ
22783,-22.988094882479174,-43.486655210506456,rio de janeiro,RJ
22753,-22.975034730509503,-43.32634456134223,rio de janeiro,RJ
22735,-22.92315994755819,-43.36003591803616,rio de janeiro,RJ
22760,-22.938993838190317,-43.34746218151653,rio de janeiro,RJ
23066,-22.883500722206897,-43.62784933672958,rio de janeiro,RJ
23081,-22.89414057340301,-43.56270255675458,rio de janeiro,RJ
23066,-22.88869371856428,-43.61338423951187,rio de janeiro,RJ
23093,-22.87987163281201,-43.53785563113858,rio de janeiro,RJ
23066,-22.888998911737566,-43.61257467401471,rio de janeiro,RJ
23093,-22.87570285206878,-43.533509725373605,rio de janeiro,RJ
23093,-22.87933369445085,-43.53719020129761,rio de janeiro,RJ
23081,-22.898344599226707,-43.56719146586643,rio de janeiro,RJ
23081,-22.8947095434244,-43.56300178282069,rio de janeiro,RJ
23894,-22.746307968387804,-43.69473581382141,seropedica,RJ
23894,-22.699648726763595,-43.75002171799197,seropedica,RJ
23894,-22.742039440553132,-43.69578990601372,seropedica,RJ
24027,-21.2189719026067,-41.87752350568823,niteroi,RJ
24120,-22.88248286955392,-43.0886607547753,niteroi,RJ
24120,-22.88385808941324,-43.08569812506866,niteroi,RJ
24120,-22.881958658895485,-43.09511329239997,niterói,RJ
24230,-22.911270381614717,-43.10515133611283,niterói,RJ
24230,-22.905032469083825,-43.11468244669432,niterói,RJ
24210,-22.901359568959617,-43.1241522171793,niteroi,RJ
24230,-22.909753214005303,-43.10187997642667,niteroi,RJ
24210,-22.90603883513189,-43.131281138640375,niterói,RJ
24210,-22.89800731079006,-43.12335459939275,niteroi,RJ
24360,-22.92080861944341,-43.09368761944342,niteroi,RJ
24360,-22.914271436840096,-43.095912026343285,niteroi,RJ
24360,-22.915835644180305,-43.09469393585916,niteroi,RJ
24451,-22.827869999999997,-43.01969625000001,sao goncalo,RJ
24430,-22.82606973346271,-43.09243488435598,sao goncalo,RJ
24451,-22.828184840625926,-43.02268017071824,sao goncalo,RJ
24451,-22.83563512107761,-43.00989848175705,sao goncalo,RJ
24430,-22.82521864663701,-43.08437202519215,sao goncalo,RJ
24430,-22.833045933606645,-43.09185506639334,sao goncalo,RJ
24737,-22.830628775114185,-42.981006692644335,sao goncalo,RJ
24737,-22.84439074547643,-42.955401736017485,sao goncalo,RJ
24727,-22.788731205902764,-42.943115809557774,sao goncalo,RJ
24737,-22.830793944888715,-42.98068238733234,sao goncalo,RJ
24727,-22.782828018629186,-42.948181160183104,sao goncalo,RJ
24727,-22.79068925180553,-42.9456268336826,sao goncalo,RJ
25070,-22.78581289392769,-43.30804347053546,duque de caxias,RJ
25070,-22.787914834681025,-43.30641492427537,duque de caxias,RJ
25070,-22.78650664884627,-43.30741686489489,duque de caxias,RJ
25561,-22.77658387384398,-43.354144984238886,sao joao de meriti,RJ
25545,-22.781746615709963,-43.38653594434864,sao joao de meriti,RJ
25561,-22.777880326387557,-43.35188599592975,sao joao de meriti,RJ
25561,-22.781197831508933,-43.33235821858329,são joão de meriti,RJ
25545,-22.784772415041367,-43.38843044591356,sao joao de meriti,RJ
25545,-22.79053704077566,-43.38526806490935,sao joao de meriti,RJ
25655,-22.52760750799953,-43.195055075889336,petrópolis,RJ
25620,-22.511952463273957,-43.1777121666574,petropolis,RJ
25655,-22.52542191789492,-43.19292397300308,petropolis,RJ
25620,-22.51114901519726,-43.17939371356605,petropolis,RJ
25620,-22.51046732298056,-43.17597194546765,petropolis,RJ
25655,-22.51941028253309,-43.1875037154604,petropolis,RJ
25963,-22.416149820084957,-42.97702251227752,teresopolis,RJ
25963,-22.420076958653947,-42.97477112220907,teresopolis,RJ
25963,-22.418514153238924,-42.97721484024554,teresopolis,RJ
26216,-22.7397645,-43.49706074999999,nova iguacu,RJ
26221,-22.763825251207155,-43.436790830412576,nova iguacu,RJ
26216,-22.7397645,-43.49706074999999,nova iguacu,RJ
26221,-22.763268213204466,-43.44164832680024,nova iguacu,RJ
26216,-22.757294932012805,-43.44358561098581,nova iguacu,RJ
26221,-22.76068723496135,-43.4460372903685,nova iguaçu,RJ
26310,-22.71897183001308,-43.56245863918872,queimados,RJ
26379,-22.75207045168108,-43.57632171567059,queimados,RJ
26310,-22.718987074898283,-43.55790756275428,queimados,RJ
26310,-22.71491609556603,-43.5675028110719,queimados,RJ
26379,-22.74030299393874,-43.56180347464912,queimados,RJ
26379,-22.73986306427028,-43.5604075785156,queimados,RJ
26510,-22.815880447852667,-43.41899267551425,nilópolis,RJ
26510,-22.818117320471213,-43.41832645634639,nilopolis,RJ
26510,-22.81410990852076,-43.41451404722936,nilopolis,RJ
27281,-22.4993604343586,-44.10694753358529,volta redonda,RJ
27281,-22.49940945767212,-44.1063200538404,volta redonda,RJ
27281,-22.49976827393389,-44.10406974937961,volta redonda,RJ
27277,-22.498182754371285,-44.12361371579433,volta redonda,RJ
27277,-22.48788490980432,-44.13156602775691,volta redonda,RJ
27277,-22.501226883800417,-44.13244259568823,volta redonda,RJ
27288,-22.46640407937563,-44.09632304440533,volta redonda,RJ
27288,-22.46394518366508,-44.10056252503404,volta redonda,RJ
27288,-22.462902,-44.09481176686477,volta redonda,RJ
27525,-22.47805071801601,-44.50608144601535,resende,RJ
27525,-22.479664452680463,-44.49919142200935,resende,RJ
27525,-22.47912,-44.49922649999999,resende,RJ
28040,-21.92630352099997,-41.526771260999965,campos dos goytacazes,RJ
28040,-21.830397795654456,-41.27364790186736,campos dos goytacazes,RJ
28040,-21.83037906502725,-41.273715800391,campos dos goytacazes,RJ
28230,-21.4795193189133,-41.10923999356295,sao francisco de itabapoana,RJ
28230,-21.48321716948839,-41.10372859865126,sao francisco de itabapoana,RJ
28230,-21.57619779843192,-41.0601944735826,sao francisco de itabapoana,RJ
28300,-21.20851525964521,-41.87484723167247,itaperuna,RJ
28300,-21.21574307617513,-41.88614532314983,itaperuna,RJ
28300,-21.233149015593074,-41.87302751012435,itaperuna,RJ
28615,-22.31000521194919,-42.52023373510779,nova friburgo,RJ
28615,-22.362183005341045,-42.53367806754522,nova friburgo,RJ
28615,-22.30968560069213,-42.5259743258195,nova friburgo,RJ
28735,-22.10518695179813,-41.45979324090135,quissama,RJ
28735,-22.10978855645005,-41.46958777278305,quissama,RJ
28735,-22.10894525711192,-41.46418154327784,quissama,RJ
28770,-21.95976220264771,-42.01238047476166,santa maria madalena,RJ
28770,-21.94696203024703,-42.01168261502839,santa maria madalena,RJ
28770,-21.962060318713714,-42.00540873695269,santa maria madalena,RJ
28880,-22.57649369393669,-41.98699034043617,barra de sao joao,RJ
28880,-22.57649369393669,-41.98699034043617,barra de sao joao,RJ
28880,-22.58022730532312,-41.98636137589889,barra de sao joao,RJ
28908,-22.918600080765664,-42.03848119319952,cabo frio,RJ
28908,-22.887739211794088,-42.02874946351887,cabo frio,RJ
28908,-22.89843115033693,-42.03740954465677,cabo frio,RJ
28907,-22.87819893069184,-42.0153349507779,cabo frio,RJ
28907,-22.883458713026315,-42.0209394671333,cabo frio,RJ
28907,-22.887920852462763,-42.02228338451287,cabo frio,RJ
29167,-20.1808755,-40.26153600000001,serra,ES
29102,-20.37616120906966,-40.30529402401848,vila velha,ES
29156,-20.297536576315476,-40.40086853731229,cariacica,ES
29102,-20.37597826829764,-40.31170370845259,vila velha,ES
29102,-20.37616120906966,-40.30529402401848,vila velha,ES
29161,-20.234324999999945,-40.27391449999996,serra,ES
29104,-20.38385571872436,-40.322682629277,vila velha,ES
29104,-20.36155916730177,-40.316376593716974,vila velha,ES
29104,-20.358463500000003,-40.31613449999999,vila velha,ES
29161,-20.236497926018554,-40.29002268001985,serra,ES
29167,-20.210862578023107,-40.27431937303565,serra,ES
29167,-20.19188174104108,-40.26251128051207,serra,ES
29156,-20.30616293180381,-40.40438011138711,cariacica,ES
29142,-20.360647716191004,-40.36954639525296,cariacica,ES
29161,-20.23518783319865,-40.2862641962317,serra,ES
29156,-20.27110490572292,-40.41525900355854,cariacica,ES
29142,-20.36378700696932,-40.36625666605351,cariacica,ES
29142,-20.36137087551076,-40.3728659384364,cariacica,ES
29314,-20.832592499999997,-41.18073075000001,cachoeiro de itapemirim,ES
29314,-20.82775165084159,-41.17864836666839,cachoeiro de itapemirim,ES
29314,-20.826327140032905,-41.17924982555373,cachoeiro de itapemirim,ES
29450,-21.15709213056911,-41.56442773822537,apiaca,ES
29450,-21.15039969138189,-41.56922379070512,apiaca,ES
29450,-21.153887179804105,-41.56655461851691,apiaca,ES
30180,-19.926141851520523,-43.93684827200066,belo horizonte,MG
30180,-19.93294796808813,-43.94620839286745,belo horizonte,MG
30180,-19.92793101671528,-43.9561709919065,belo horizonte,MG
30190,-19.921126734952896,-43.94119674937962,belo horizonte,MG
30190,-19.9231977783392,-43.93766143363756,belo horizonte,MG
30190,-19.93045625783373,-43.95629402469849,belo horizonte,MG
30220,-19.942447820416717,-43.91448426755726,belo horizonte,MG
30220,-19.94043886608411,-43.91274892555602,belo horizonte,MG
30220,-19.932893004443397,-43.923570348606326,belo horizonte,MG
30295,-19.91222323130401,-43.87804546638037,belo horizonte,MG
30295,-19.913258242022035,-43.88401723535694,belo horizonte,MG
30295,-19.91645124063705,-43.88557085636794,belo horizonte,MG
30380,-19.950113421576656,-43.95583838718328,belo horizonte,MG
30380,-19.94911118454628,-43.95760860006343,belo horizonte,MG
30380,-19.953092084655754,-43.9513070291419,belo horizonte,MG
30315,-19.95455748237063,-43.93409969455826,belo horizonte,MG
30315,-19.951513166801345,-43.93677624632119,belo horizonte,MG
30315,-19.952864800450072,-43.93143811449013,belo horizonte,MG
30441,-19.935201059120523,-43.9567957307693,belo horizonte,MG
30441,-19.935042575599397,-43.95749980917397,belo horizonte,MG
30441,-19.938992877055743,-43.96274877921402,belo horizonte,MG
30580,-19.95806146849216,-43.98571701122408,belo horizonte,MG
30580,-19.96422385928213,-43.99131772773953,belo horizonte,MG
30580,-19.961406902014048,-43.98915562877263,belo horizonte,MG
30710,-19.913521316406,-43.95735564265109,belo horizonte,MG
30710,-19.916034978619717,-43.95521851333019,belo horizonte,MG
30710,-19.915612795169952,-43.96380288536562,belo horizonte,MG
30840,-19.891079580904844,-43.99423022788376,belo horizonte,MG
30840,-19.891562542876127,-44.001623681660746,belo horizonte,MG
30882,-19.885567704137557,-44.00816196779967,belo horizonte,MG
30840,-19.892226593398323,-44.00474301985106,belo horizonte,MG
30882,-19.88093012496336,-44.00761644147912,belo horizonte,MG
30882,-19.884107975301497,-44.00733222355594,belo horizonte,MG
31050,-19.900238441628133,-43.903489639426446,belo horizonte,MG
31050,-19.901974734952905,-43.90038942423104,belo horizonte,MG
31050,-19.89712047737897,-43.89691610560335,belo horizonte,MG
31140,-19.892338512349244,-43.9326199797449,belo horizonte,MG
31170,-19.881438098245752,-43.91679121149515,belo horizonte,MG
31130,-19.885618959201334,-43.93859494364943,belo horizonte,MG
31130,-19.89363843075192,-43.9464715818858,belo horizonte,MG
31130,-19.88852418273561,-43.93996875033993,belo horizonte,MG
31150,-19.87553457706714,-43.94176194140331,belo horizonte,MG
31140,-19.898676084915557,-43.92836170760002,belo horizonte,MG
31160,-19.8824409955566,-43.92902237968148,belo horizonte,MG
31160,-19.8817056036701,-43.928928083270776,belo horizonte,MG
31150,-19.877539190045567,-43.94065141090745,belo horizonte,MG
31170,-19.88777090175424,-43.921303653211325,belo horizonte,MG
31170,-19.88880140689013,-43.92117948291889,belo horizonte,MG
31140,-19.896916138496152,-43.93228749347912,belo horizonte,MG
31160,-19.884874400773292,-43.93457104677127,belo horizonte,MG
31150,-19.878429614490138,-43.95018434984706,belo horizonte,MG
31275,-19.8566927082925,-43.9760083297362,belo horizonte,MG
31275,-19.857239391078423,-43.97232295628714,belo horizonte,MG
31275,-19.85961680682671,-43.964244838738566,belo horizonte,MG
31255,-19.878513898894187,-43.95694702879617,belo horizonte,MG
31255,-19.86314751067581,-43.94759366472388,belo horizonte,MG
31255,-19.861280696087476,-43.94947121677527,belo horizonte,MG
31365,-19.85564348987244,-44.010183594494826,belo horizonte,MG
31365,-19.874087737722864,-44.00196617943904,belo horizonte,MG
31365,-19.853231721286324,-44.00761865562766,belo horizonte,MG
31578,-19.80791248819901,-44.000379712735885,belo horizonte,MG
31578,-19.81471830099426,-44.00267575119264,belo horizonte,MG
31578,-19.81761115543304,-44.00264290313921,belo horizonte,MG
31748,-19.79768909694483,-43.93419895512006,belo horizonte,MG
31748,-19.801013772693143,-43.93973740259097,belo horizonte,MG
31748,-19.804090651682124,-43.94802529918065,belo horizonte,MG
31842,-19.840168078827364,-43.92329932223438,belo horizonte,MG
31842,-19.837843574528204,-43.92258296350051,belo horizonte,MG
31842,-19.83786141825844,-43.92284853649948,belo horizonte,MG
32010,-19.940393531428462,-44.06063257014001,contagem,MG
32010,-19.93011293580616,-44.08215998638758,contagem,MG
32010,-19.9404899448298,-44.06607093804037,contagem,MG
32110,-19.88575709625392,-44.01809003760589,contagem,MG
32185,-19.849882697848685,-44.02029046658248,contagem,MG
32110,-19.8805102490405,-44.016969213665206,contagem,MG
32110,-19.88856573580413,-44.0181162542333,contagem,MG
32185,-19.84932591515121,-44.02607720402293,contagem,MG
32185,-19.852212459843773,-44.02261411849137,contagem,MG
32310,-19.944519773919623,-44.03388528779314,contagem,MG
32310,-19.938929651882983,-44.029825450904696,contagem,MG
32310,-19.936358374997376,-44.039123165612814,contagem,MG
33080,-19.820014513528548,-43.83030225884891,santa luzia,MG
33080,-19.81128130432992,-43.88710685780949,santa luzia,MG
33080,-19.81024355493197,-43.88590883162395,santa luzia,MG
33400,-19.5921849600698,-43.90098205233704,lagoa santa,MG
33400,-19.647294317081787,-43.90621965854088,lagoa santa,MG
33400,-19.63116523141775,-43.879407128903416,lagoa santa,MG
33913,-19.779029422913744,-44.0229254812176,ribeirao das neves,MG
33913,-19.78055310629584,-44.0216673373536,ribeirao das neves,MG
33913,-19.78265737731687,-44.02011714073736,ribeirao das neves,MG
34001,-19.989306206863183,-43.85077859693365,nova lima,MG
34001,-19.987130856682995,-43.852090267247576,nova lima,MG
34001,-19.99119221002285,-43.8362293500484,nova lima,MG
35500,-20.146615317146374,-44.892591683425806,divinopolis,MG
35570,-20.474084262411907,-45.424321458052006,formiga,MG
35570,-20.455227067319136,-45.4143406882213,formiga,MG
35500,-20.146235456639232,-44.88973120210128,divinopolis,MG
35500,-20.145869702302672,-44.89422040844313,divinópolis,MG
35570,-20.470023259841707,-45.43031617276932,formiga,MG
35530,-20.43773362250285,-44.75914024487753,claudio,MG
35530,-20.44685016580202,-44.77449870604912,claudio,MG
35530,-20.44176581018382,-44.76227681855618,claudio,MG
35920,-19.770824131113795,-43.02637346071022,nova era,MG
35920,-19.76223070159632,-43.03446658711485,nova era,MG
35920,-19.77360667225445,-43.04050373126735,nova era,MG
36010,-21.76282506633389,-43.34295644532287,juiz de fora,MG
36016,-21.772205528997677,-43.35345796280802,juiz de fora,MG
36050,-21.729309223700177,-43.34147826034389,juiz de fora,MG
36010,-21.764698072162275,-43.34385229087078,juiz de fora,MG
36016,-21.77224356174625,-43.352949462808,juiz de fora,MG
36016,-21.771350382661332,-43.357974409578816,juiz de fora,MG
36033,-21.785166523457747,-43.360415544405335,juiz de fora,MG
36010,-21.763155758901437,-43.34902366676808,juiz de fora,MG
36050,-21.737808618096818,-43.34915980766342,juiz de fora,MG
36033,-21.788942605603346,-43.36120520774424,juiz de fora,MG
36050,-21.725340653067107,-43.34266359977497,juiz de fora,MG
36033,-21.784373130446077,-43.36591350098096,juiz de fora,MG
36157,-21.509210218328228,-43.32506142162322,piau,MG
36157,-21.50456533461882,-43.31640084844207,piau,MG
36157,-21.50861849999999,-43.32580425,piau,MG
36205,-21.216647501342187,-43.75240420003465,barbacena,MG
36205,-21.21993871889983,-43.75936157001649,barbacena,MG
36205,-21.22061347463907,-43.754999718236384,barbacena,MG
36570,-20.721937677884224,-42.86601159708953,vicosa,MG
36570,-20.757372421316987,-42.87862027539324,vicosa,MG
36570,-20.754356696734707,-42.890861002371565,vicosa,MG
36884,-21.12842778573488,-42.37999506994058,muriae,MG
36884,-21.127129690259093,-42.37793643796528,muriae,MG
36884,-21.1310505,-42.39279899999998,muriae,MG
36930,-19.995880691249347,-42.05967924071428,simonesia,MG
36930,-20.123170635980923,-42.008307780040894,simonésia,MG
36930,-20.118586658766404,-41.99733541785648,simonesia,MG
37165,-21.11244619821393,-45.83234349689595,campo do meio,MG
37165,-21.11121914634684,-45.82797414395877,campo do meio,MG
37165,-21.105848474648,-45.82944966323198,campo do meio,MG
37175,-20.944705621834668,-45.82709818233235,ilicinea,MG
37175,-20.935942214243493,-45.82479935306044,ilicinea,MG
37175,-20.945366562866614,-45.82767427119441,ilicinea,MG
37200,-21.24898018734491,-44.99817928074323,lavras,MG
37200,-21.2600451770291,-44.99611985493299,lavras,MG
37200,-21.2426989838444,-45.00270320663618,lavras,MG
37410,-21.69216794221008,-45.25804903964345,tres coracoes,MG
37443,-21.956309999999995,-44.882378788136165,baependi,MG
37443,-21.957686037543912,-44.88693038054984,baependi,MG
37410,-21.698903984181054,-45.25523274437574,tres coracoes,MG
37410,-21.69175804531425,-45.252382700671625,tres coracoes,MG
37443,-21.9589155,-44.893152,baependi,MG
37502,-22.43106190186255,-45.45559685991584,itajuba,MG
37502,-22.434336178502157,-45.43766252456401,itajuba,MG
37504,-22.42451926871875,-45.468141657836526,itajuba,MG
37504,-22.428611714883004,-45.496843068009206,itajuba,MG
37502,-22.43021271281865,-45.45809453397067,itajubá,MG
37504,-22.428405039953,-45.49751943881221,itajubá,MG
37580,-22.42880507067007,-46.569550269431765,monte siao,MG
37540,-22.243203015748463,-45.71330344759827,santa rita do sapucai,MG
37580,-22.43499539028082,-46.57283594701967,monte siao,MG
37540,-22.2541989719852,-45.69671797402734,santa rita do sapucai,MG
37540,-22.243859164085897,-45.71213171938752,santa rita do sapucai,MG
37570,-22.284424958581678,-46.37397062423884,ouro fino,MG
37580,-22.42595319219221,-46.57883749112772,monte siao,MG
37564,-22.264093569966427,-46.15856420525942,borda da mata,MG
37570,-22.26341907393288,-46.36539351251354,ouro fino,MG
37570,-22.285498508888047,-46.36405070833008,ouro fino,MG
37564,-22.324906156174038,-46.0597387675012,borda da mata,MG
37564,-22.276943929547784,-46.16606415166791,borda da mata,MG
37584,-22.15937587770692,-46.04402732344177,congonhal,MG
37584,-22.151010228755645,-46.04045325297178,congonhal,MG
37584,-22.151853952441904,-46.04446990132113,congonhal,MG
37600,-22.61840566392406,-46.05692385089537,cambui,MG
37600,-22.61171478963672,-46.05657466686648,cambuí,MG
37600,-22.6140417431707,-46.05707565245637,cambui,MG
37655,-22.772937340302025,-46.22335095804688,itapeva,MG
37660,-22.551107403951946,-45.77715379701644,paraisopolis,MG
37655,-22.767785898748805,-46.220004346935454,itapeva,MG
37655,-22.77296711465843,-46.22090187092637,itapeva,MG
37660,-22.551259911607463,-45.78043647868896,paraisopolis,MG
37660,-22.55207682541683,-45.77873658498528,paraisopolis,MG
38082,-19.74407500582838,-47.90288184540368,uberaba,MG
38082,-19.748190132667773,-47.8974332514571,uberaba,MG
38082,-19.755379110190976,-47.89856613558197,uberaba,MG
38280,-19.72379754927861,-50.18472635169813,iturama,MG
38230,-20.28106922622964,-49.20926164154711,fronteira,MG
38230,-20.277536292924275,-49.20930682434438,fronteira,MG
38280,-19.729932268630243,-50.189815193802026,iturama,MG
38280,-19.721828482638525,-50.20168013147301,iturama,MG
38230,-20.28560838094217,-49.20651261992248,fronteira,MG
38401,-18.882476025535222,-48.2792850313636,uberlandia,MG
38440,-18.65223568071188,-48.19343213192182,araguari,MG
38440,-18.65005688716443,-48.19506965625226,araguari,MG
38408,-18.925348871775626,-48.24236513543774,uberlandia,MG
38401,-18.89666812461769,-48.30990708604074,uberlandia,MG
38408,-18.918517588954924,-48.26226926380634,uberlandia,MG
38408,-18.927277526272604,-48.24445408653066,uberlandia,MG
38401,-18.88783141326678,-48.27892001249349,uberlândia,MG
38440,-18.64906148486714,-48.1910192001632,araguari,MG
38570,-17.767613654159536,-47.09538818396859,guarda-mor,MG
38570,-17.77209858974925,-47.09378243307182,guarda-mor,MG
38570,-17.768646257738613,-47.10062274073765,guarda-mor,MG
38600,-17.211337793818256,-46.886436092783214,paracatu,MG
38600,-17.225342099281256,-46.8806648095217,paracatu,MG
38600,-17.21851623984817,-46.87893410057389,paracatu,MG
38700,-18.60497691187199,-46.52154885505743,patos de minas,MG
38700,-18.59062848597947,-46.51305630683157,patos de minas,MG
38700,-18.58865644973159,-46.51525043744666,patos de minas,MG
39100,-18.2339841777334,-43.59364621093363,diamantina,MG
39100,-18.239268897570597,-43.62431786143054,diamantina,MG
39100,-18.24198557249098,-43.63106671788609,diamantina,MG
39390,-17.126574817685405,-43.81059822795839,bocaiuva,MG
39390,-17.107067839506396,-43.81675251308608,bocaiuva,MG
39390,-17.112548566913933,-43.80602232937073,bocaiúva,MG
39690,-17.84600196564932,-42.074535098920734,malacacheta,MG
39690,-17.838013632551274,-42.0814290606455,malacacheta,MG
39690,-17.8543769198193,-42.0797876487154,malacacheta,MG
39802,-17.877614947753674,-41.50059971564279,teofilo otoni,MG
39802,-17.874077328510275,-41.50320061345207,teofilo otoni,MG
39802,-17.868510473303612,-41.51072761513846,teofilo otoni,MG
41510,-12.913388098534217,-38.3535914984708,salvador,BA
41510,-12.842666999999995,-38.36192849999999,salvador,BA
41510,-12.950523844799465,-38.44858246560162,salvador,BA
41680,-12.951849983601576,-38.40262950983905,salvador,BA
41680,-12.958419975341032,-38.40532922491144,salvador,BA
41680,-12.950272776768797,-38.39475825407012,salvador,BA
41720,-12.973746698857436,-38.43905887177561,salvador,BA
41720,-12.969078412856598,-38.42940278793993,salvador,BA
41720,-12.97203313788518,-38.43496406674155,salvador,BA
41830,-13.00486273633788,-38.46539390896759,salvador,BA
41830,-13.002681111575948,-38.459685771856414,salvador,BA
41830,-13.002264618096827,-38.46095964876795,salvador,BA
41820,-12.98158709241737,-38.45526521634257,salvador,BA
41820,-12.981185675543909,-38.4538444149402,salvador,BA
41820,-12.988926167638056,-38.45463167430315,salvador,BA
44082,-12.263456068378396,-38.9293114047869,feira de santana,BA
44082,-12.2589281786458,-38.93144162715996,feira de santana,BA
44082,-12.261563999999993,-38.92959062323271,feira de santana,BA
44200,-12.548774551976832,-38.71258824955349,santo amaro,BA
44200,-12.55116894819062,-38.70708921289294,santo amaro,BA
44200,-12.558532908222006,-38.699329926375896,santo amaro,BA
44380,-12.655868277332464,-39.10044839031422,cruz das almas,BA
44380,-12.66900824783574,-39.10256707248722,cruz das almas,BA
44380,-12.671070188258728,-39.10051424365727,cruz das almas,BA
45028,-14.859266906639837,-40.817382610599694,vitoria da conquista,BA
45028,-14.866722135463316,-40.819698200586416,vitoria da conquista,BA
45028,-14.86454204494485,-40.821350845251935,vitória da conquista,BA
45710,-15.119168211880428,-40.06723059750183,itororo,BA
45710,-15.116827700165596,-40.06976319360181,itororo,BA
45710,-15.116913427617371,-40.06881297042518,itororó,BA
45836,-17.03045192465799,-39.54123165657179,itamaraju,BA
45836,-17.042940553309542,-39.52781712567924,itamaraju,BA
45836,-17.04860171201054,-39.54886712416537,itamaraju,BA
45930,-18.07497921030804,-39.54390851092875,mucuri,BA
45930,-18.086272315000045,-39.55242804471887,mucuri,BA
45930,-18.085046190256158,-39.54771927619286,mucuri,BA
47850,-12.08678562555841,-45.79992414323213,luis eduardo magalhaes,BA
47850,-12.08347943934727,-45.813328644969225,luís eduardo magalhães,BA
47850,-12.075701813008486,-45.77022760525661,luis eduardo magalhaes,BA
47950,-12.234753551058445,-44.41808211184115,cristopolis,BA
47950,-12.23746036691868,-44.41974426994281,cristopolis,BA
47950,-12.230346065439104,-44.36358692474517,cristopolis,BA
48080,-12.131446680472528,-38.43135914903751,alagoinhas,BA
48080,-12.127503644834707,-38.44015102882709,alagoinhas,BA
48080,-12.12554532768615,-38.43700111977262,alagoinhas,BA
48790,-10.960619571867698,-38.78738239695715,tucano,BA
48790,-10.966889256403734,-38.78528484065432,tucano,BA
48790,-10.96539134186946,-38.785240224142704,tucano,BA
49050,-10.927157352800547,-37.06307868960052,aracaju,SE
49050,-10.923043499999997,-37.05739199999999,aracaju,SE
49050,-10.928627625281525,-37.06629520093491,aracaju,SE
49490,-10.71619120666806,-38.16969037202442,poco verde,SE
49490,-10.709710242381956,-38.18403128678899,poco verde,SE
49490,-10.709710242381956,-38.18403128678899,poco verde,SE
50771,-8.089194059120523,-34.92564794532288,recife,PE
50771,-8.086143069940565,-34.92753741104508,recife,PE
50771,-8.089024589139996,-34.92608216658377,recife,PE
50810,-8.032302911189309,-34.954410332217705,recife,PE
50810,-8.036694433025387,-34.953932735110094,recife,PE
50810,-8.044553228245642,-34.96070067170738,recife,PE
51020,-8.109659996393315,-34.89334721273588,recife,PE
51021,-8.124466128224375,-34.896920107276785,recife,PE
51020,-8.110652448237063,-34.89402502039934,recife,PE
51020,-8.11061280238331,-34.88941842368278,recife,PE
51021,-8.122080310577623,-34.90103471065842,recife,PE
51021,-8.122733756686051,-34.902862133872254,recife,PE
51250,-8.138173275583135,-34.9322264583223,recife,PE
51250,-8.132082223700172,-34.93938027407813,recife,PE
51250,-8.140241672722615,-34.92262337160403,recife,PE
53437,-7.930176473795966,-34.826440694351234,paulista,PE
53437,-7.925901556941986,-34.82318130325745,paulista,PE
53437,-7.927571269470229,-34.82975936506257,paulista,PE
54080,-8.110529968636387,-35.01942476643208,jaboatao dos guararapes,PE
54080,-8.109887922998684,-35.019532192235644,jaboatao dos guararapes,PE
54080,-8.112535731894486,-35.02073552720865,jaboatao dos guararapes,PE
54705,-8.003074097409037,-35.020456108661755,sao lourenco da mata,PE
54705,-8.00003920622758,-35.01702684278095,sao lourenco da mata,PE
54705,-8.008447654360069,-35.01412583110639,sao lourenco da mata,PE
55170,-8.151652952943909,-36.36954681604157,brejo da madre de deus,PE
55170,-8.141598793921055,-36.37414308998078,brejo da madre de deus,PE
55170,-8.14413259041812,-36.37049423803952,brejo da madre de deus,PE
55296,-8.892888006125926,-36.48858119678388,garanhuns,PE
55296,-8.885927687920965,-36.47770514835469,garanhuns,PE
55296,-8.891909988062764,-36.48906447437488,garanhuns,PE
55644,-8.208423317991008,-35.56779396710883,gravata,PE
55644,-8.205491534017991,-35.5793609815339,gravata,PE
55644,-8.21050694258934,-35.57069724039359,gravata,PE
55814,-7.845083036047171,-35.25775907209436,carpina,PE
55814,-7.84624855481871,-35.26914405639705,carpina,PE
55814,-7.845797449074695,-35.26439140005228,carpina,PE
56250,-7.756134708582977,-40.2708052522259,trindade,PE
56250,-7.76790760185141,-40.2691442714129,trindade,PE
56250,-7.756950631526346,-40.26990534993815,trindade,PE
56304,-9.39083242853022,-40.50556809146507,petrolina,PE
56304,-9.395663333526782,-40.49744581746594,petrolina,PE
56304,-9.39145762003006,-40.51188729225575,petrolina,PE
57017,-9.640899000000005,-35.74474649999999,maceio,AL
57017,-9.62798573910784,-35.74841986733222,maceio,AL
57017,-9.641350394830855,-35.74486682072875,maceio,AL
58078,-7.180554059120531,-34.88242913849615,joao pessoa,PB
58078,-7.179637620318525,-34.881985341652765,joao pessoa,PB
58078,-7.179476134052754,-34.88008443949448,joao pessoa,PB
58880,-6.3798659151622745,-37.82503164805101,brejo dos santos,PB
58880,-6.379350333758686,-37.82450327954918,brejo dos santos,PB
58880,-6.375445518292321,-37.82731074303162,brejo dos santos,PB
59069,-5.8450761509896445,-35.2423493336027,natal,RN
59069,-5.844866164868095,-35.24409619288482,natal,RN
59069,-5.843621388020015,-35.24258383542035,natal,RN
59151,-5.882257292719153,-35.2040340366164,parnamirim,RN
59151,-5.886745037993666,-35.1998641677192,parnamirim,RN
59151,-5.8891653214937145,-35.19860800719578,parnamirim,RN
60175,-3.723440428156569,-38.47693909661432,fortaleza,CE
60175,-3.7373759999999976,-38.482497,fortaleza,CE
60175,-3.72483390768213,-38.48962238094887,fortaleza,CE
60320,-3.727902784537524,-38.560445470261314,fortaleza,CE
60320,-3.729637728836056,-38.55924703052688,fortaleza,CE
60320,-3.732417858733884,-38.560136081597335,fortaleza,CE
60763,-3.8169543789999807,-38.592254999999966,fortaleza,CE
60763,-3.8068805152885816,-38.57887491184924,fortaleza,CE
60763,-3.810668858156957,-38.59527760906578,fortaleza,CE
62030,-3.668229235718116,-40.37281407181986,sobral,CE
62030,-3.682633499999995,-40.35113774999999,sobral,CE
62030,-3.678266239120344,-40.366484942942456,sobral,CE
62380,-4.166813756806272,-40.75206516990775,guaraciaba do norte,CE
62380,-4.210607999999947,-40.94334349999997,guaraciaba do norte,CE
62380,-4.164777426067788,-40.754229775440464,guaraciaba do norte,CE
62400,-2.906605966187089,-40.84265447432061,camocim,CE
62400,-2.8991131848888845,-40.8474094981504,camocim,CE
62400,-2.911669132675028,-40.84253731122745,camocim,CE
62700,-4.35771145747809,-39.31491288210802,caninde,CE
62700,-4.3609093555941785,-39.32066460124532,caninde,CE
62700,-4.343906827753538,-39.3064539246816,caninde,CE
63011,-7.198938075795342,-39.31943129384031,juazeiro do norte,CE
63011,-7.1985094407354575,-39.31943366198981,juazeiro do norte,CE
63011,-7.1985094407354575,-39.31943366198981,juazeiro do norte,CE
63125,-7.236980312203903,-39.39516068035979,crato,CE
63125,-7.237030326362077,-39.39620910250963,crato,CE
63125,-7.237030326362077,-39.39620910250963,crato,CE
63515,-6.252816380707373,-39.19933766893757,quixelô,CE
63515,-6.252661170677467,-39.20062262913047,quixelo,CE
63515,-6.251744475085992,-39.19750238595631,quixelo,CE
64260,-4.266378331490602,-41.77837489461923,piripiri,PI
64260,-4.266288384131785,-41.778385077339095,piripiri,PI
64260,-4.283238295068084,-41.77154566247296,piripiri,PI
65072,-2.546079233971952,-44.3089863702464,são luís,MA
65066,-2.5070346576439486,-44.21214992867017,sao luis,MA
65066,-2.507167330284464,-44.220594069940574,sao luis,MA
65067,-2.4863595238302167,-44.2333616871893,sao luis,MA
65066,-2.5222770000000003,-44.22428321678032,sao luis,MA
65072,-2.502693973706088,-44.2513815357283,sao luis,MA
65072,-2.502964844397259,-44.24609333467209,sao luis,MA
65067,-2.5130544979804834,-44.24251745347817,sao luis,MA
65067,-2.5095554228557084,-44.22854208548138,sao luis,MA
65740,-4.751404235220042,-44.93839063876921,pocao de pedras,MA
65790,-5.573837987577579,-44.38433463702893,sao domingos do maranhao,MA
65740,-4.751735931364981,-44.94377672198176,pocao de pedras,MA
65740,-4.752511484851188,-44.9428579899008,pocao de pedras,MA
65790,-5.580371713667304,-44.38358201022786,sao domingos do maranhao,MA
65790,-5.579341079765696,-44.3860931372658,sao domingos do maranhao,MA
66040,-1.455169760979064,-48.48183489231919,belem,PA
66080,-1.4219309958450534,-48.46648868235325,belem,PA
66040,-1.459419420508802,-48.47759971717929,belem,PA
66040,-1.4564705087998835,-48.47786966472387,belem,PA
66080,-1.4381932096326424,-48.45954742893308,belem,PA
66080,-1.4384237429769782,-48.45920274801048,belem,PA
66914,-1.353804369698152,-48.43681520053087,belem,PA
66914,-1.362397821670602,-48.4274222764567,belém,PA
66914,-1.146408353347066,-48.460487419673065,belem,PA
69037,-3.0759726414735384,-60.0860595364418,manaus,AM
69037,-3.077677257285473,-60.0627065656414,manaus,AM
69037,-3.0598079281426678,-60.10137448726663,manaus,AM
69018,-2.973389492942136,-60.00682927953094,manaus,AM
69018,-2.973389492942136,-60.00682927953094,manaus,AM
69018,-2.973389492942136,-60.00682927953094,manaus,AM
69908,-10.013767311448731,-67.78332046811606,rio branco,AC
69908,-10.01606252174253,-67.78376044050445,rio branco,AC
69908,-9.953039001384973,-67.8190379568354,rio branco,AC
70673,-15.806524500000004,-47.93582925,brasilia,DF
70673,-15.806308499999997,-47.93544675,brasília,DF
70673,-15.795504,-47.92143599999999,cruzeiro,DF
70680,-15.78404999999995,-47.91689999999997,brasília,DF
70680,-15.78410999999994,-47.91691999999995,brasilia,DF
70680,-15.78410999999994,-47.91691999999995,brasilia,DF
70740,-15.769799999999991,-47.89016774999999,brasilia,DF
70740,-15.765612972963996,-47.892148256759,brasilia,DF
70740,-15.765668999999995,-47.892885750000005,brasilia,DF
70856,-15.761172953338969,-47.878636368437625,brasilia,DF
70856,-15.761172953338969,-47.878636368437625,brasilia,DF
70856,-15.7623885,-47.87765099999999,brasília,DF
71015,-15.825499262113878,-47.98823901541496,brasília,DF
71015,-15.821065003133326,-47.983786598612845,brasilia,DF
71015,-15.822164539142674,-47.99069104115812,brasilia,DF
71691,-15.906466093180695,-47.77423989072256,brasilia,DF
71691,-15.894328111645605,-47.77439500277818,brasilia,DF
71691,-15.902972343891031,-47.76640033122178,brasilia,DF
71937,-15.838387228836044,-48.01147928126522,brasilia,DF
71937,-15.839384411644902,-48.014265765391215,brasilia,DF
71937,-15.839026321607037,-48.01465233257496,brasilia,DF
72450,-16.008511777961637,-48.05001692124417,brasilia,DF
72460,-16.02294658397918,-48.05071815778448,brasilia,DF
72801,-16.256510999999996,-47.96285546547072,luziania,GO
72801,-16.2569797242301,-47.95685184425948,luziania,GO
72801,-16.265922254172416,-47.95425831835493,luziânia,GO
73360,-15.62299518535027,-47.65010744842545,brasilia,DF
73360,-15.62301124106531,-47.64980573478033,brasília,DF
73360,-15.624190038979677,-47.64854974325019,brasilia,DF
73780,-14.980008322372788,-47.77846316061065,agua fria de goias,GO
73780,-14.980792168683728,-47.78200885238313,agua fria de goias,GO
73780,-14.981667360505137,-47.78028311107051,água fria de goiás,GO
73752,-15.454584999999952,-47.60120021499995,planaltina,GO
73752,-15.454584999999952,-47.60120021499995,planaltina,GO
73752,-15.457427299684865,-47.610123386830345,planaltina,GO
73900,-14.078271318010032,-46.35957202767279,posse,GO
73900,-14.092741608399342,-46.36296411303754,posse,GO
73900,-14.083866579069667,-46.3573275232512,posse,GO
74160,-16.696446874943895,-49.26452440440847,goiania,GO
74160,-16.696446874943895,-49.26452440440847,goiania,GO
74160,-16.696446874943895,-49.26452440440847,goiania,GO
74366,-16.715153857534975,-49.32516023026103,goiania,GO
74355,-16.774395987487942,-49.35625534901799,goiania,GO
74366,-16.715738999999946,-49.331464999999966,goiania,GO
74366,-16.71428411039886,-49.32277471537811,goiania,GO
74355,-16.766527729491422,-49.36882923625348,goiania,GO
74355,-16.776283499999998,-49.35455549999999,goiania,GO
74323,-16.69955774566663,-49.31646534449651,goiânia,GO
74323,-16.69955774566663,-49.31646534449651,goiania,GO
74323,-16.700144287105726,-49.31577333431691,goiania,GO
74645,-16.671296999999946,-49.23724849999997,goiania,GO
74645,-16.662430618165967,-49.25200138931166,goiania,GO
74645,-16.671296999999946,-49.23724849999997,goiania,GO
74620,-16.66460157672196,-49.22295154031332,goiânia,GO
74620,-16.65899323194164,-49.223297172420565,goiânia,GO
74620,-16.668329842666463,-49.22907472213878,goiania,GO
74930,-16.77015400112626,-49.34004189470734,aparecida de goiania,GO
74930,-16.758919587806496,-49.34392849407431,aparecida de goiania,GO
74930,-16.767097199299716,-49.343609723954856,aparecida de goiania,GO
75106,-16.35896592547895,-48.94378041308836,anapolis,GO
75106,-16.366526757673046,-48.948288831831896,anapolis,GO
75106,-16.361400079876056,-48.94771527896369,anapolis,GO
75400,-16.33868934903781,-49.51475360384877,inhumas,GO
75400,-16.350165949073535,-49.51032143868536,inhumas,GO
75400,-16.352415110802,-49.50112552132601,inhumas,GO
75805,-17.876500006057867,-51.71943343997603,jatai,GO
75805,-17.876341627313806,-51.726448331366086,jataí,GO
75805,-17.87712883007008,-51.718393855161736,jatai,GO
76812,-8.782796007707294,-63.845103578708766,porto velho,RO
76812,-8.77255085513856,-63.86766837289317,porto velho,RO
76812,-8.778099026586242,-63.85718418578921,porto velho,RO
76908,-10.882510303598329,-61.92569214064854,ji-parana,RO
76908,-10.874133867504876,-61.91765844675622,ji-paraná,RO
76908,-10.88340328817014,-61.919945855120574,ji-parana,RO
76980,-12.746557845117692,-60.145102048037096,vilhena,RO
76980,-12.747185690089552,-60.14035848569021,vilhena,RO
76980,-12.744427019781444,-60.15004939053048,vilhena,RO
77360,-12.617158795204771,-47.87913877310236,parana,TO
77360,-12.61311954550716,-47.87917754152799,parana,TO
77360,-12.618167426042382,-47.87939414250413,parana,TO
78043,-15.584669512986082,-56.10089206079052,cuiaba,MT
78043,-15.587514345602171,-56.10356149152978,cuiaba,MT
78043,-15.59760702868454,-56.11372203872414,cuiaba,MT
78552,-11.829317247041294,-55.49644289081176,sinop,MT
78552,-11.828762454596456,-55.51074283332176,sinop,MT
78552,-11.839815827601756,-55.508570355895394,sinop,MT
78652,-10.645695310957183,-51.5682033250314,confresa,MT
78652,-10.64851211003313,-51.56918853876422,confresa,MT
78652,-10.651382999999996,-51.57229947739384,confresa,MT
78705,-16.459042904113158,-54.656015716617055,rondonopolis,MT
78705,-16.471536978071462,-54.65328297890817,rondonópolis,MT
78705,-16.472095874712476,-54.6537498584421,rondonopolis,MT
79096,-20.51785256943139,-54.684589066558,campo grande,MS
79096,-20.495349753274763,-54.650580417017686,campo grande,MS
79096,-20.52243197974489,-54.68615525532358,campo grande,MS
79400,-18.498574618152823,-54.751548779899416,coxim,MS
79400,-18.506659844059623,-54.75949982756209,coxim,MS
79400,-18.495199530972204,-54.745926236357775,coxim,MS
79540,-19.11358227631166,-51.73572123667424,cassilandia,MS
79540,-19.11557285499572,-51.72473407404669,cassilandia,MS
79540,-19.113489940334706,-51.73492779097611,cassilandia,MS
80050,-25.439106561486454,-49.23689875714125,curitiba,PR
80045,-25.42552957617298,-49.254479518177625,curitiba,PR
80045,-25.430732553465138,-49.255262581101135,curitiba,PR
80045,-25.423491070690805,-49.25738832259062,curitiba,PR
80050,-25.433688394396647,-49.252853011656754,curitiba,PR
80050,-25.432558576172983,-49.25034885345375,curitiba,PR
80240,-25.453155877315545,-49.2850395992267,curitiba,PR
80230,-25.44041155231119,-49.27281542157665,curitiba,PR
80240,-25.44895563014222,-49.2781758464581,curitiba,PR
80250,-25.4389681470945,-49.27448441188181,curitiba,PR
80240,-25.45272380806379,-49.288098995103546,curitiba,PR
80250,-25.442790407167664,-49.27581888318452,curitiba,PR
80220,-25.45005712155927,-49.2606739118818,curitiba,PR
80250,-25.443783953372957,-49.27936839439666,curitiba,PR
80230,-25.439563467107185,-49.26196284595192,curitiba,PR
80230,-25.447124095475782,-49.25991968290152,curitiba,PR
80220,-25.46087384263371,-49.2709993842691,curitiba,PR
80220,-25.441671636130224,-49.27108733775764,curitiba,PR
80310,-25.464029318048183,-49.30472794690424,curitiba,PR
80330,-25.472734941716197,-49.30563836747645,curitiba,PR
80310,-25.448624649337518,-49.312388484394944,curitiba,PR
80330,-25.47391654010617,-49.31831181753118,curitiba,PR
80330,-25.472095052166964,-49.308013346788655,curitiba,PR
80310,-25.44830130391252,-49.30777500874257,curitiba,PR
80430,-25.43328294393789,-49.28042347446478,curitiba,PR
80430,-25.433579943937893,-49.281183890645735,curitiba,PR
80430,-25.43328294393789,-49.28042347446478,curitiba,PR
80510,-25.416444206215026,-49.28185035596391,curitiba,PR
80510,-25.421451537884465,-49.27619580030583,curitiba,PR
80510,-25.418619942552912,-49.28007983458363,curitiba,PR
80620,-25.45385542382702,-49.286168717179294,curitiba,PR
80610,-25.46921399278664,-49.29393514695028,curitiba,PR
80610,-25.46198410075591,-49.2746440500895,curitiba,PR
80620,-25.46468853289281,-49.286993878700514,curitiba,PR
80610,-25.46579321732353,-49.283543101159935,curitiba,PR
80620,-25.452256250377825,-49.28451449025095,curitiba,PR
80740,-25.44145496502972,-49.31273063488947,curitiba,PR
80740,-25.4406473849616,-49.31351531750252,curitiba,PR
80740,-25.437188503750907,-49.31225032944775,curitiba,PR
81260,-25.474502573234364,-49.35249257828181,curitiba,PR
81260,-25.483056107969265,-49.3506314007733,curitiba,PR
81260,-25.47526933828395,-49.35211381482358,curitiba,PR
81490,-25.58719360032323,-49.32331092576026,curitiba,PR
81450,-25.498147452680467,-49.34864249999998,curitiba,PR
81490,-25.583629764932255,-49.333695264749,curitiba,PR
81490,-25.58323923737155,-49.342462909311074,curitiba,PR
81450,-25.49956056895962,-49.346091115182645,curitiba,PR
81450,-25.49695298834324,-49.34542159533156,curitiba,PR
81770,-25.5347523805182,-49.236641559813016,curitiba,PR
81770,-25.53646773531889,-49.23200963707048,curitiba,PR
81770,-25.525809503462444,-49.24844999999999,curitiba,PR
81710,-25.4985654229174,-49.2677192917704,curitiba,PR
81710,-25.49453098251486,-49.26589071189917,curitiba,PR
81710,-25.49506134332621,-49.26320984776961,curitiba,PR
81810,-25.50714419618402,-49.27207460483913,curitiba,PR
81810,-25.50551859977497,-49.276733667782295,curitiba,PR
81810,-25.511536822926868,-49.27864824785041,curitiba,PR
81930,-25.56660371995524,-49.28299262236466,curitiba,PR
81930,-25.551871645380142,-49.291495098703685,curitiba,PR
81930,-25.56586115450439,-49.26386442419896,curitiba,PR
82320,-25.40444171696837,-49.34025084016421,curitiba,PR
82320,-25.407490652778645,-49.353100679987314,curitiba,PR
82320,-25.40435435636795,-49.34650105482136,curitiba,PR
82820,-25.424755962259752,-49.2010723395753,curitiba,PR
82800,-25.43880303497028,-49.22994083568014,curitiba,PR
82820,-25.416417416036737,-49.205746918662456,curitiba,PR
82820,-25.420787420101068,-49.21136595841816,curitiba,PR
82800,-25.433552493479123,-49.22690393782104,curitiba,PR
82800,-25.43211569969415,-49.22580156217894,curitiba,PR
83010,-25.533552342489493,-49.18726902068778,sao jose dos pinhais,PR
83010,-25.53365267277395,-49.1856085947833,sao jose dos pinhais,PR
83010,-25.54224899388316,-49.18385303996193,sao jose dos pinhais,PR
83209,-25.547635663426608,-48.52779305562683,paranagua,PR
83209,-25.562950571112903,-48.56935444237105,paranagua,PR
83209,-25.539305312987715,-48.52405367016023,paranagua,PR
83324,-25.428798209273445,-49.19005993003079,pinhais,PR
83324,-25.42253323535693,-49.1902336243579,pinhais,PR
83324,-25.429399903973604,-49.19245405057905,pinhais,PR
83323,-25.440714449910494,-49.188443906024766,pinhais,PR
83323,-25.432332355588542,-49.19616380267176,pinhais,PR
83321,-25.44450819623171,-49.17725474672523,pinhais,PR
83323,-25.437061718016015,-49.19247224366682,pinhais,PR
83321,-25.444665084915545,-49.18019190507245,pinhais,PR
83321,-25.44995219369288,-49.18179987272792,pinhais,PR
83408,-25.371298736141743,-49.18823376385825,colombo,PR
83408,-25.36527626370076,-49.18564695397114,colombo,PR
83408,-25.360584552293467,-49.17941683824904,colombo,PR
83402,-25.34347077721826,-49.227809047574894,colombo,PR
83402,-25.345662750118517,-49.22534970931185,colombo,PR
83402,-25.34595604517343,-49.22923740322833,colombo,PR
83605,-25.446647385196982,-49.55563586004068,campo largo,PR
83605,-25.448480273299545,-49.54775397954686,campo largo,PR
83605,-25.444744564916583,-49.55223196196062,campo largo,PR
83860,-26.09951042219324,-49.43039517089023,pien,PR
83860,-26.101197874660745,-49.42430526540327,pien,PR
83860,-26.09884621809781,-49.43171627315507,piên,PR
84015,-25.074043009435066,-50.15132717124473,ponta grossa,PR
84015,-25.071516209273447,-50.16241754495359,ponta grossa,PR
84015,-25.07399374194488,-50.16385970336643,ponta grossa,PR
84172,-24.794234999999997,-49.99697099999999,castro,PR
84172,-24.788079062039845,-49.9920102617748,castro,PR
84172,-24.79578927088139,-49.99875013515109,castro,PR
84196,-23.702852723394397,-46.401558774842776,colonia castrolanda,PR
84196,-23.702852723394397,-46.401558774842776,colonia castrolanda,PR
84196,-23.702852723394397,-46.401558774842776,colonia castrolanda,PR
84350,-24.21479006332944,-50.93493112717941,ortigueira,PR
84350,-24.21239318223341,-50.92889105938362,ortigueira,PR
84345,-24.247862548261367,-50.24561447987722,ventania,PR
84345,-24.16529647881684,-50.3016608482767,ventania,PR
84350,-24.212498620969484,-50.92978110124314,ortigueira,PR
84345,-24.24513925315121,-50.239031622899134,ventania,PR
85807,-24.9409988170985,-53.4931867821282,cascavel,PR
85807,-24.938116427433695,-53.49418648514059,cascavel,PR
85819,-24.98699978821639,-53.450685208725176,cascavel,PR
85812,-24.950870359714838,-53.45032742855887,cascavel,PR
85807,-24.937504249076294,-53.48626130260726,cascavel,PR
85801,-24.961400882504734,-53.45816618100577,cascavel,PR
85863,-25.52742965797669,-54.57570382833004,foz do iguacu,PR
85812,-24.94487696808814,-53.44656488510582,cascavel,PR
85812,-24.948611247273497,-53.44777531669445,cascavel,PR
85802,-24.966371460470743,-53.46488320191585,cascavel,PR
85819,-24.97151984684406,-53.45392211797207,cascavel,PR
85801,-24.95871944936224,-53.4643115342778,cascavel,PR
85819,-24.98330703438438,-53.44978251373972,cascavel,PR
85802,-24.96538961228468,-53.45442752476014,cascavel,PR
85802,-24.97971670191586,-53.474401762392695,cascavel,PR
85801,-24.958728618096824,-53.45930326628785,cascavel,PR
85863,-25.51141744631396,-54.55991480938015,foz do iguacu,PR
85863,-25.51450949474555,-54.55624946358108,foz do iguacu,PR
86037,-23.316208922273155,-51.11121320098855,londrina,PR
86060,-23.309902583386343,-51.172848272548926,londrina,PR
86037,-23.32094346070866,-51.10607777378984,londrina,PR
86081,-23.263893735839535,-51.18150870269487,londrina,PR
86081,-23.26789834239597,-51.201444169719736,londrina,PR
86081,-23.26160949220133,-51.18708154646319,londrina,PR
86084,-23.25795336554321,-51.15321467790985,londrina,PR
86084,-23.271289162661564,-51.15658588993851,londrina,PR
86037,-23.322696087638803,-51.11560632210353,londrina,PR
86060,-23.32100562753189,-51.17422214152592,londrina,PR
86060,-23.319189115182635,-51.17342238011417,londrina,PR
86084,-23.256379718016014,-51.15199324658101,londrina,PR
86360,-23.123801224965774,-50.37285801357385,bandeirantes,PR
86360,-23.11720500547465,-50.38335246743091,bandeirantes,PR
86360,-23.10814775620767,-50.3733912557527,bandeirantes,PR
86600,-23.31259824896755,-51.36894941889966,rolandia,PR
86600,-23.31565251242163,-51.35618243878648,rolandia,PR
86600,-23.310650480662893,-51.3605839853025,rolandia,PR
86706,-23.420739085916825,-51.41460369847018,arapongas,PR
86706,-23.450873461610477,-51.4282703784358,arapongas,PR
86706,-23.420069496477605,-51.42528280307828,arapongas,PR
86702,-23.387311444268136,-51.44520034138108,arapongas,PR
86702,-23.403702292466782,-51.45073584470996,arapongas,PR
86702,-23.403702292466782,-51.45073584470996,arapongas,PR
86800,-23.552512530494816,-51.46349357996916,apucarana,PR
86800,-23.55138246078472,-51.46482462743791,apucarana,PR
86800,-23.557643405109207,-51.456383921053344,apucarana,PR
86960,-24.02810801846768,-52.00953010663331,barbosa ferraz,PR
86960,-24.028274040114397,-52.01357971304078,barbosa ferraz,PR
86960,-24.024171279061683,-52.01465283364424,barbosa ferraz,PR
87025,-23.377396999935016,-51.93100618003307,maringa,PR
87020,-23.40870190356673,-51.94097450684423,maringa,PR
87025,-23.389401636925577,-51.92936082356682,maringa,PR
87083,-23.38219409935399,-51.95529780691714,maringa,PR
87025,-23.383114295391387,-51.92149024434938,maringa,PR
87083,-23.38892932239113,-51.962078900642446,maringa,PR
87020,-23.412877925928985,-51.94478407569383,maringa,PR
87083,-23.390523,-51.95270202079538,maringá,PR
87030,-23.41848622413047,-51.92625934548862,maringa,PR
87050,-23.437975269077903,-51.91385959802448,maringa,PR
87005,-23.435118221374,-51.92885489694695,maringa,PR
87005,-23.44076181697738,-51.932752088993695,maringa,PR
87005,-23.44256497675329,-51.93106346514771,maringa,PR
87040,-23.41382198370398,-51.90777440824636,maringa,PR
87040,-23.41422208977022,-51.898502811439975,maringa,PR
87020,-23.414811932449656,-51.93994609866744,maringa,PR
87030,-23.41647493012297,-51.91759811058415,maringa,PR
87050,-23.422904235299384,-51.92834688299728,maringa,PR
87040,-23.41123806340228,-51.90333112778236,maringa,PR
87030,-23.42113386092465,-51.91368788249601,maringa,PR
87050,-23.424718326388195,-51.9180980544531,maringa,PR
87065,-23.396179945356447,-51.925220060790366,maringá,PR
87065,-23.47992043352567,-51.99652852665417,maringa,PR
87035,-23.386583094415077,-51.905343129948655,maringa,PR
87035,-23.377976707039352,-51.91101643748135,maringá,PR
87065,-23.396179945356447,-51.925220060790366,maringá,PR
87035,-23.39000475112024,-51.9111695358568,maringa,PR
87114,-23.431481257369107,-51.85490851643521,sarandi,PR
87114,-23.42578954885777,-51.86917581882909,sarandi,PR
87114,-23.43576250191828,-51.84877000767314,sarandi,PR
87303,-24.03529260389033,-52.37957021179355,campo mourao,PR
87303,-24.033344268662205,-52.37318109547798,campo mourao,PR
87303,-24.036624000000007,-52.37992104199154,campo mourao,PR
87502,-23.757178599774967,-53.29107393545511,umuarama,PR
87502,-23.75318421397665,-53.29948700083671,umuarama,PR
87502,-23.770399593049174,-53.19799088308772,umuarama,PR
87900,-22.931426544866625,-53.13375928731349,loanda,PR
87900,-22.92697089627115,-53.14465872670476,loanda,PR
87900,-22.93040826023513,-53.13463766322048,loanda,PR
88036,-27.590329257833734,-48.52015089439666,florianopolis,SC
88015,-27.59186031447276,-48.54902548765073,florianópolis,SC
88015,-27.591399691644074,-48.551741686912216,florianopolis,SC
88058,-27.44750424718865,-48.39733340340489,florianopolis,SC
88063,-27.68775442656832,-48.48827427364544,florianópolis,SC
88058,-27.45008549321933,-48.4002627485429,florianopolis,SC
88015,-27.59171048124545,-48.55019316180969,florianopolis,SC
88063,-27.67869908436729,-48.48858754261633,florianopolis,SC
88036,-27.594841442956938,-48.51778659714922,florianopolis,SC
88063,-27.69130055092621,-48.48732115696226,florianopolis,SC
88058,-27.425158655044445,-48.40273756677248,florianopolis,SC
88036,-27.58987485596392,-48.52212360618027,florianopolis,SC
88115,-27.543786658615705,-48.62567962615467,sao jose,SC
88115,-27.542360219585078,-48.6220314712323,sao jose,SC
88115,-27.538627688652834,-48.62878431510971,sao jose,SC
88215,-27.14294161449014,-48.50728684609616,bombinhas,SC
88200,-27.24191068154528,-48.61743425899997,tijucas,SC
88200,-27.242984887970085,-48.62522685988221,tijucas,SC
88200,-27.24437442334345,-48.63738893905402,tijucas,SC
88215,-27.145974363033048,-48.504888178458096,bombinhas,SC
88215,-27.14724652392996,-48.50579791239877,bombinhas,SC
88301,-26.91626999999994,-48.65245999999996,itajaí,SC
88350,-27.12100682014913,-48.94116396455869,brusque,SC
88301,-26.91242141009627,-48.66179786142639,itajai,SC
88301,-26.90642717731769,-48.65644547151282,itajai,SC
88370,-26.88690680838387,-48.66214683641898,navegantes,SC
88370,-26.89648649391509,-48.656011984019614,navegantes,SC
88370,-26.88379587124366,-48.64696471144989,navegantes,SC
88350,-27.095318208317625,-48.91467742019212,brusque,SC
88350,-27.120797430223178,-48.94126484581179,brusque,SC
88316,-26.94530777195044,-48.71846720655428,itajai,SC
88359,-27.14105704919435,-48.96146112936535,brusque,SC
88359,-27.170504499999936,-48.96094944599997,brusque,SC
88359,-27.141008065870828,-48.96716298379742,brusque,SC
88316,-26.94190261757387,-48.72112180885666,itajaí,SC
88316,-26.94509964174816,-48.73877681025375,itajai,SC
88750,-28.27354928978744,-49.16896410025293,braco do norte,SC
88750,-28.259060136858118,-49.16289736451813,braco do norte,SC
88750,-28.27109178707989,-49.1628202078873,braco do norte,SC
88715,-28.621531461000867,-49.023995719014565,jaguaruna,SC
88715,-28.616411893481043,-49.02403600266868,jaguaruna,SC
88715,-28.62774385725906,-49.0281742612894,jaguaruna,SC
88815,-28.692374718228557,-49.34024683242198,criciuma,SC
88815,-28.680974545402638,-49.3496415,criciuma,SC
88815,-28.682804565279955,-49.34861512698399,criciuma,SC
88915,-28.86100263994921,-49.446676367068925,maracana,SC
88915,-28.863259774825707,-49.44789940729144,maracajá,SC
88915,-28.84893016447306,-49.45228712295371,maracajá,SC
89037,-26.91225753204585,-49.11088518056733,blumenau,SC
89023,-26.953576281983977,-49.08280584277794,blumenau,SC
89037,-26.90945814436772,-49.10196881874136,blumenau,SC
89041,-26.91141069525076,-49.11143612738765,blumenau,SC
89037,-26.89653369330708,-49.10141119425328,blumenau,SC
89041,-26.92164637691151,-49.10142570690753,blumenau,SC
89041,-26.912177822271808,-49.11252184622747,blumenau,SC
89023,-26.955833060517595,-49.0768345160616,blumenau,SC
89023,-26.95197852484273,-49.07448745934555,blumenau,SC
89160,-27.20981137280685,-49.63292048422235,rio do sul,SC
89120,-26.83365489702238,-49.26170944102369,timbo,SC
89115,-26.723201007518394,-48.93223082369532,luiz alves,SC
89120,-26.83026867499565,-49.27912109394658,timbo,SC
89120,-26.858343690097875,-49.25440652300564,timbo,SC
89160,-27.215885832556257,-49.64643298614439,rio do sul,SC
89160,-27.21833268540048,-49.64535428244172,rio do sul,SC
89115,-26.923659030357047,-48.95109496913933,gaspar,SC
89115,-26.91246475475458,-48.93971240799968,gaspar,SC
89224,-26.270134671231133,-48.80876106346335,joinville,SC
89215,-26.3367734454671,-48.906451424923546,joinville,SC
89259,-26.49816628796401,-49.08619647149698,jaragua do sul,SC
89270,-26.47119165563505,-48.99874721931727,guaramirim,SC
89248,-26.02136726871851,-48.851805442616914,garuva,SC
89254,-26.46850294670808,-49.109883098307336,jaragua do sul,SC
89204,-26.283149245628717,-48.85128463059032,joinville,SC
89254,-26.48127806301567,-49.116976365803005,jaragua do sul,SC
89254,-26.467770425212,-49.10826240660166,jaragua do sul,SC
89217,-26.285093458703344,-48.87010250956512,joinville,SC
89270,-26.47563095772373,-49.028345106504126,guaramirim,SC
89270,-26.46445383568247,-48.96859756772329,guaramirim,SC
89224,-26.26084954010618,-48.80872248903572,joinville,SC
89217,-26.290999372468114,-48.86963342048015,joinville,SC
89248,-26.034356452307044,-48.844734127175386,garuva,SC
89259,-26.50040872217096,-49.08607786733222,jaraguá do sul,SC
89224,-26.26084954010618,-48.80872248903572,joinville,SC
89204,-26.28820171357262,-48.84876234638462,joinville,SC
89204,-26.293009256975804,-48.85002741710162,joinville,SC
89217,-26.28965352178431,-48.87069199417161,joinville,SC
89215,-26.32912757101244,-48.90091027531116,joinville,SC
89259,-26.49932952899767,-49.08552303136361,jaragua do sul,SC
89215,-26.34282914654624,-48.819702792948256,joinville,SC
89248,-26.0385085232151,-48.85582118873051,garuva,SC
89560,-27.00086872288371,-51.14532022116548,videira,SC
89560,-26.991631848942145,-51.18875595704185,videira,SC
89560,-27.00118035685037,-51.14364040742851,videira,SC
89620,-27.403062004188214,-51.22967409631809,campos novos,SC
89620,-27.38367325538679,-51.229084639277794,campos novos,SC
89600,-27.16882094342798,-51.51882419291629,joacaba,SC
89620,-27.39875527355213,-51.23278703728827,campos novos,SC
89600,-27.177597784241986,-51.50738060224988,joacaba,SC
89600,-27.17238428198398,-51.50237191479598,joacaba,SC
89610,-27.17195603801515,-51.49352558295913,herval d'oeste,SC
89610,-27.17503356338643,-51.49909201384615,herval d oeste,SC
89610,-27.180723863975896,-51.50085700174436,herval d'oeste,SC
89820,-26.87062454886829,-52.40448790429404,xanxere,SC
89820,-26.867136255644507,-52.40374025106611,xanxere,SC
89820,-26.88325030974164,-52.41732453579043,xanxere,SC
89899,-26.98109912694612,-53.53465037151178,ipora do oeste,SC
89899,-26.98179078508365,-53.53479444146419,ipora do oeste,SC
89899,-26.98318848428728,-53.53362473124812,ipora do oeste,SC
90010,-30.03215040714993,-51.2325516998384,porto alegre,RS
90010,-30.03090377106392,-51.22427127063822,porto alegre,RS
90010,-30.035979587281485,-51.23135054079867,porto alegre,RS
90150,-30.05684742270184,-51.22278129782434,porto alegre,RS
90150,-30.05477381914053,-51.2193177174823,porto alegre,RS
90150,-30.05477381914053,-51.2193177174823,porto alegre,RS
90230,-30.00731246906908,-51.19422244408211,porto alegre,RS
90230,-30.001677076605667,-51.2068419806972,porto alegre,RS
90230,-30.009033324956388,-51.201863189330616,porto alegre,RS
90480,-30.02159907383571,-51.178723476398005,porto alegre,RS
90480,-30.03538586955392,-51.17691321288012,porto alegre,RS
90480,-30.027809776848084,-51.18147401927414,porto alegre,RS
90640,-30.063072457672124,-51.20322268985506,porto alegre,RS
90640,-30.03801392200935,-51.19581030140237,porto alegre,RS
90640,-30.044272452680463,-51.196830942120215,porto alegre,RS
91215,-30.02792349708581,-51.141100794189015,porto alegre,RS
91215,-30.032585182730298,-51.14338046203794,porto alegre,RS
91215,-30.028608617713186,-51.13659948531874,porto alegre,RS
91280,-30.04513453566277,-51.09709286179231,porto alegre,RS
91280,-30.04478353566277,-51.09698036179231,porto alegre,RS
91280,-30.04478353566277,-51.09698036179231,porto alegre,RS
91550,-30.077021487809752,-51.1313949910142,porto alegre,RS
91550,-30.108800999999943,-51.11902249999996,porto alegre,RS
91550,-30.108097940448623,-51.14075389856272,porto alegre,RS
91920,-30.110020899532547,-51.23162798932419,porto alegre,RS
91920,-30.109930216950268,-51.24520414149456,porto alegre,RS
91920,-30.11280704370423,-51.25296434790141,porto alegre,RS
92020,-29.91005335319802,-51.169226719006566,canoas,RS
92020,-29.920449475474385,-51.1721259461596,canoas,RS
92020,-29.905172474897466,-51.17611447599398,canoas,RS
92500,-30.11082611949453,-51.36376683789562,guaiba,RS
92500,-30.09123755453289,-51.3277245313636,guaiba,RS
92500,-30.09423471963001,-51.31975623377339,guaiba,RS
94500,-30.06565935728178,-51.1109404409334,viamão,RS
94500,-30.074569714341504,-51.11057024843186,viamao,RS
94500,-30.06709157695748,-51.109659547004725,viamao,RS
94935,-29.94145639030968,-51.1005061362448,cachoeirinha,RS
94935,-29.937510822063555,-51.0935509821798,cachoeirinha,RS
94935,-29.933341562972263,-51.09836577925452,cachoeirinha,RS
95020,-29.16957635052199,-51.164852512339095,caxias do sul,RS
95020,-29.15930687230183,-51.18025791994463,caxias do sul,RS
95020,-29.164979488778624,-51.18293048877862,caxias do sul,RS
95045,-29.12782096078328,-51.16655636274146,caxias do sul,RS
95045,-29.126875455868248,-51.16646508191351,caxias do sul,RS
95045,-29.12614354843622,-51.17388629608305,caxias do sul,RS
95200,-28.517094,-50.92322625,vacaria,RS
95200,-28.49957831651823,-50.9397617039501,vacaria,RS
95200,-28.510653034129906,-50.9296618953146,vacaria,RS
95240,-28.81655038417184,-51.28458123987485,ipe,RS
95240,-28.817845648508708,-51.28703792970175,ipê,RS
95240,-28.8203654298384,-51.28057818645839,ipe,RS
95590,-30.00253608355953,-50.14516704987192,tramandai,RS
95590,-29.99827544749378,-50.1511290172575,tramandai,RS
95590,-29.9922900696213,-50.13601605583668,tramandai,RS
95700,-29.16904841329661,-51.52189899460921,bento goncalves,RS
95780,-29.67034898140752,-51.46146829327502,montenegro,RS
95780,-29.678394387562328,-51.46866266519809,montenegro,RS
95700,-29.177640866586597,-51.51757542403719,bento goncalves,RS
95780,-29.6755034159275,-51.44684297630016,montenegro,RS
95700,-29.16258486019505,-51.520363502514805,bento goncalves,RS
95703,-29.16026705184501,-51.50783498069227,bento gonçalves,RS
95703,-29.167487488562298,-51.49507458038263,bento goncalves,RS
95703,-29.16513046082144,-51.50140767654099,bento gonçalves,RS
95800,-29.616140787882497,-52.17587557262544,venancio aires,RS
95800,-29.60808479732309,-52.19390122730896,venancio aires,RS
95800,-29.606015853578807,-52.19470776821365,venancio aires,RS
95920,-29.30263901903529,-52.42872858803613,boqueirao do leao,RS
95920,-29.30310709000156,-52.42777797587028,boqueirao do leao,RS
95920,-29.298284156297463,-52.43079542423359,boqueirão do leão,RS
96211,-32.04232063459594,-52.12953397213267,rio grande,RS
96211,-32.04599496100333,-52.117033559635146,rio grande,RS
96211,-32.045839702923146,-52.123285256993576,rio grande,RS
96900,-29.41729980418472,-53.0164225530434,sobradinho,RS
96900,-29.40833710812997,-53.03536336856145,sobradinho,RS
96900,-29.414349257511,-53.020177772431886,sobradinho,RS
97030,-29.700413412718515,-53.846744201915854,santa maria,RS
97015,-29.689198816146927,-53.8064289212743,santa maria,RS
97015,-29.68926905472152,-53.82009362118628,santa maria,RS
97030,-29.694642328062763,-53.86641114112189,santa maria,RS
97015,-29.69542642099217,-53.81718169710417,santa maria,RS
97030,-29.696449086040733,-53.85445161795259,santa maria,RS
97250,-29.467945512743945,-53.46422836860997,nova palma,RS
97250,-29.467947466690404,-53.46383595975021,nova palma,RS
97250,-29.46899853787642,-53.47524963192519,nova palma,RS
97503,-29.775123954116783,-57.09109952167133,uruguaiana,RS
97503,-29.778092085901285,-57.10217966637333,uruguaiana,RS
97503,-29.776197823331604,-57.0956609164442,uruguaiana,RS
97574,-30.89801321009646,-55.53031539786274,santana do livramento,RS
97574,-30.899199585671617,-55.52961623098563,santana do livramento,RS
97574,-30.89672721217339,-55.519347525570666,santana do livramento,RS
98300,-27.890224444772645,-53.30591654790965,palmeira das missoes,RS
98300,-27.90578375689565,-53.30679836250592,palmeira das missoes,RS
98300,-27.90072936626517,-53.31408108231494,palmeira das missoes,RS
98700,-28.389227656496743,-53.92967622327969,ijui,RS
98700,-28.393764991081145,-53.92959525,ijui,RS
98700,-28.40076921954113,-53.91181019375493,ijui,RS
98870,-28.02821551115596,-54.35087038660696,girua,RS
98870,-28.02423474905708,-54.35267213786898,girua,RS
98870,-28.038022203517183,-54.33939259653632,giruá,RS
99062,-28.284206765499057,-52.383798137288096,passo fundo,RS
99062,-28.276112250219764,-52.388261534624704,passo fundo,RS
99062,-28.27967115396521,-52.385548302730285,passo fundo,RS
99500,-28.28944621405989,-52.79412331824494,carazinho,RS
99500,-28.30359846853949,-52.7833419469909,carazinho,RS
99500,-28.28387407888449,-52.79204798986377,carazinho,RS
